"courseid","department","coursenumber","courseletter","anyUD","classtype"
1,AAS,"10","",N,SS
2,AAS,"185","",N,SS
3,MAE,"30",A,N,NS
4,MAE,"30",B,N,NS
5,AMES,"1","",N,MS
6,AMES,"11","",N,MS
7,AMES,"5","",N,MS
8,AMES,"9","",N,MS
9,AMES,"10","",N,MS
10,ANAR,"103","",N,SS
11,ANAR,"105","",N,SS
12,ANAR,"111","",N,SS
13,ANAR,"112","",N,SS
14,ANAR,"113","",N,SS
15,ANAR,"114","",N,SS
16,ANAR,"115","",N,SS
17,ANAR,"116","",N,SS
18,ANAR,"118","",N,SS
19,ANAR,"124","",N,SS
20,ANAR,"125","",N,SS
21,ANAR,"135","",N,SS
22,ANAR,"135",S,N,SS
23,ANAR,"138","",N,SS
24,ANAR,"140","",N,SS
25,ANAR,"141","",N,SS
26,ANAR,"142","",N,SS
27,ANAR,"143","",N,SS
28,ANAR,"144","",N,SS
29,ANAR,"146","",N,SS
30,ANAR,"153","",N,SS
31,ANAR,"154","",N,SS
32,ANAR,"156","",N,SS
33,ANAR,"157","",N,SS
34,ANAR,"158","",N,SS
35,ANAR,"159","",N,SS
36,ANAR,"164","",N,SS
37,ANAR,"165","",N,SS
38,ANAR,"166","",N,SS
39,ANAR,"167","",N,SS
40,ANAR,"180","",N,SS
41,ANAR,"181","",N,SS
42,ANAR,"182","",N,SS
43,ANAR,"183","",N,SS
44,ANAR,"184","",N,SS
45,ANAR,"186","",N,SS
46,ANBI,*,"",Y,SS
47,ANBI,"109","",N,NS
48,ANBI,"112","",N,NS
49,ANBI,"131","",N,SS
50,ANBI,"132","",N,NS
51,ANBI,"133","",N,SS
52,ANBI,"134","",N,SS
53,ANBI,"135","",N,NS
54,ANBI,"136","",N,NS
55,ANBI,"139","",N,SS
56,ANBI,"149","",N,NS
57,ANBI,"150","",N,SS
58,ANBI,"150","",N,NS
59,ANBI,"174","",N,SS
60,ANLD,"3","",N,SS
61,ANLD,"7","",N,SS
62,ANLD,"23","",N,SS
63,ANRG,"108","",N,SS
64,ANRG,"113","",N,SS
65,ANRG,"114","",N,SS
66,ANRG,"115","",N,SS
67,ANRG,"116","",N,SS
68,ANRG,"118","",N,SS
69,ANRG,"122","",N,SS
70,ANRG,"125","",N,SS
71,ANRG,"128","",N,SS
72,ANRG,"143","",N,SS
73,ANRG,"150","",N,SS
74,ANRG,"170","",N,SS
75,ANRG,"173","",N,SS
76,ANRG,"182","",N,SS
77,ANSC,*,"",Y,SS
78,ANTH,"1","",N,SS
79,ANTH,"2","",N,SS
80,ANTH,"3","",N,SS
81,ANTH,"4","",N,SS
82,ANTH,"5","",N,SS
83,ANTH,"5","",N,NS
84,ANTH,"20","",N,SS
85,ANTH,"21","",N,SS
86,ANTH,"23","",N,SS
87,ANTH,"42","",N,SS
88,ANTH,"43","",N,SS
89,ANTH,"44","",N,SS
90,ANTH,"101","",N,SS
91,ANTH,"102","",N,SS
92,ANTH,"103","",N,SS
93,ANTH,"104","",N,SS
94,ANTH,"105","",N,SS
95,ANTH,"106","",N,SS
96,ANTH,"108","",N,SS
97,ANTH,"109","",N,SS
98,ANTH,"147","",N,SS
99,BIBC,*,"",Y,NS
100,BICD,*,"",Y,NS
101,BIEB,*,"",Y,NS
102,BIEB,"100","",N,MS
103,BILD,"60","",N,LS
104,BILD,"1","",N,NS
105,BILD,"2","",N,NS
106,BILD,"3","",N,NS
107,BILD,"7","",N,NS
108,BILD,"10","",N,NS
109,BILD,"12","",N,NS
110,BILD,"18","",N,NS
111,BILD,"20","",N,NS
112,BILD,"22","",N,NS
113,BILD,"26","",N,NS
114,BILD,"30","",N,NS
115,BILD,"36","",N,NS
116,BILD,"38","",N,NS
117,BILD,"42","",N,NS
118,BIMM,*,"",Y,NS
119,BIPN,*,"",Y,NS
120,CAT,"1","",N,LS
121,CAT,"2","",N,LS
122,CAT,"3","",N,LS
123,CAT,"124","",N,LS
124,CGS,"2",A,N,SS
125,CGS,"2",B,N,SS
126,CGS,"14","",N,SS
127,CGS,"17","",N,SS
128,CGS,"18","",N,SS
129,CGS,*,"",N,SS
130,CHEM,*,"",Y,NS
131,CHEM,"4","",N,NS
132,CHEM,"6",A,N,NS
133,CHEM,"6",B,N,NS
134,CHEM,"6",C,N,NS
135,CHEM,"6",AH,N,NS
136,CHEM,"6",BH,N,NS
137,CHEM,"6",CH,N,NS
138,CHEM,"11","",N,NS
139,CHEM,"12","",N,NS
140,CHEM,"13","",N,NS
141,CHEM,"40",A,N,NS
142,CHEM,"40",B,N,NS
143,CHEM,"40",C,N,NS
144,CHEM,"40",AH,N,NS
145,CHEM,"40",BH,N,NS
146,CHEM,"40",CH,N,NS
147,CHIN,*,"",Y,LA
148,CHIN,"10",AN,N,LA
149,CHIN,"10",AD,N,LA
150,CHIN,"10",BN,N,LA
151,CHIN,"10",BM,N,LA
152,CHIN,"10",BD,N,LA
153,CHIN,"10",CN,N,LA
154,CHIN,"10",CM,N,LA
155,CHIN,"10",CD,N,LA
156,CHIN,"20",AN,N,LA
157,CHIN,"20",AM,N,LA
158,CHIN,"20",AD,N,LA
159,CHIN,"20",BN,N,LA
160,CHIN,"20",BM,N,LA
161,CHIN,"20",BD,N,LA
162,CHIN,"20",CN,N,LA
163,CHIN,"20",CM,N,LA
164,CHIN,"20",CD,N,LA
165,COCU,"124","",N,SS
166,COCU,"127","",N,SS
167,COCU,"128","",N,SS
168,COCU,"129","",N,SS
169,COCU,"131","",N,SS
170,COCU,"136","",N,SS
171,COCU,"138","",N,SS
172,COCU,"140","",N,SS
173,COCU,"141",A,N,SS
174,COCU,"142","",N,SS
175,COCU,"162","",N,SS
176,COCU,"165","",N,SS
177,COCU,"168","",N,SS
178,COCU,"170","",N,SS
179,COCU,"179","",N,SS
180,COGN,"20","",N,SS
181,COGS,"2","",N,SS
182,COGS,"1","",N,SS
183,COGS,"11","",N,SS
184,COGS,"100","",N,SS
185,COGS,"113","",N,SS
186,COGS,"115","",N,SS
187,COGS,"118",D,N,MS
188,COGS,"126","",N,SS
189,COGS,"143","",N,SS
190,COGS,"143",GS,N,SS
191,COGS,"144","",N,SS
192,COGS,"151","",N,SS
193,COGS,"152","",N,SS
194,COGS,"163","",N,SS
195,COGS,"163","",N,NS
196,COGS,"164","",N,SS
197,COGS,"169","",N,SS
198,COGS,"169","",N,NS
199,COGS,"171","",N,SS
200,COGS,"174","",N,SS
201,COGS,"177","",N,SS
202,COGS,"178","",N,SS
203,COGS,"179","",N,SS
204,COGS,"180","",N,SS
205,COGS,"184","",N,SS
206,COGS,"184",GS,N,SS
207,COHI,"115","",N,SS
208,COHI,"121","",N,SS
209,COHI,"123","",N,SS
210,COHI,"125","",N,SS
211,COMM,"10","",N,SS
212,COMM,"100",A,N,SS
213,COMM,"100",B,N,SS
214,COMM,"100",C,N,SS
215,COMM,"101",K,N,SS
216,COMM,"102",C,N,SS
217,COMM,"102",T,N,SS
218,COMM,"103",D,N,SS
219,COMM,"103",E,N,SS
220,COMM,"103",F,N,SS
221,COMM,"104",D,N,SS
222,COMM,"104",E,N,SS
223,COMM,"104",F,N,SS
224,COMM,"104",G,N,SS
225,COMM,"105",G,N,SS
226,COMM,"105",M,N,SS
227,COMM,"105",P,N,SS
228,COMM,"106",A,N,SS
229,COMM,"106",C,N,SS
230,COMM,"106",F,N,SS
231,COMM,"106",G,N,SS
232,COMM,"106",I,N,SS
233,COMM,"106",T,N,SS
234,COMM,"106",V,N,SS
235,COMM,"107","",N,SS
236,COMM,"108",A,N,SS
237,COMM,"108",D,N,SS
238,COMM,"108",G,N,SS
239,COMM,"108","",N,SS
240,COMM,"109",D,N,SS
241,COMM,"109",E,N,SS
242,COMM,"109",I,N,SS
243,COMM,"109",N,N,SS
244,COMM,"109",P,N,SS
245,COMM,"110",M,N,SS
246,COMM,"110",P,N,SS
247,COMM,"110",T,N,SS
248,COMM,"111",A,N,SS
249,COMM,"111",B,N,SS
250,COMM,"111",C,N,SS
251,COMM,"111",F,N,SS
252,COMM,"111",G,N,SS
253,COMM,"111",P,N,SS
254,COMM,"111",T,N,SS
255,COMM,"112",C,N,SS
256,COMM,"112",G,N,SS
257,COMM,"112",T,N,SS
258,COMM,"114",B,N,SS
259,COMM,"114",C,N,SS
260,COMM,"114",D,N,SS
261,COMM,"114",E,N,SS
262,COMM,"114",F,N,SS
263,COMM,"114",G,N,SS
264,COMM,"114",I,N,SS
265,COMM,"114",J,N,SS
266,COMM,"114",K,N,SS
267,COMM,"114",M,N,SS
268,COMM,"114",N,N,SS
269,COMM,"114",P,N,SS
270,COMM,"114",T,N,SS
271,COMM,"120",I,N,SS
272,COMM,"120",M,N,SS
273,COMM,"120",P,N,SS
274,COMM,"122","",N,SS
275,COMM,"124",A,N,SS
276,COMM,"124",B,N,SS
277,COMM,"125","",N,SS
278,COMM,"126","",N,SS
279,COMM,"127","",N,SS
280,COMM,"128","",N,SS
281,COMM,"129","",N,SS
282,COMM,"131","",N,SS
283,COMM,"132","",N,SS
284,COMM,"133","",N,SS
285,COMM,"134","",N,SS
286,COMM,"135","",N,SS
287,COMM,"136","",N,SS
288,COMM,"137","",N,SS
289,COMM,"138","",N,SS
290,COMM,"140","",N,SS
291,COMM,"143","",N,SS
292,COMM,"144","",N,SS
293,COMM,"145","",N,SS
294,COMM,"151","",N,SS
295,COMM,"152","",N,SS
296,COMM,"153","",N,SS
297,COMM,"155","",N,SS
298,COMM,"158","",N,SS
299,COMM,"159","",N,SS
300,COMM,"160","",N,SS
301,COMM,"162","",N,SS
302,COMM,"163","",N,SS
303,COMM,"164","",N,SS
304,COMM,"166","",N,SS
305,COMM,"168","",N,SS
306,COMM,"169","",N,SS
307,COMM,"170","",N,SS
308,COMM,"171","",N,SS
309,COMM,"172","",N,SS
310,COMM,"173","",N,SS
311,COMM,"174","",N,SS
312,COMM,"175","",N,SS
313,COMM,"176","",N,SS
314,COMM,"177","",N,SS
315,COMM,"179","",N,SS
316,COMM,"180","",N,SS
317,COMM,"181","",N,SS
318,COMM,"183","",N,SS
319,COMM,"184","",N,SS
320,COMM,"190","",N,SS
321,COSF,"100","",N,SS
322,COSF,"123","",N,SS
323,COSF,"124","",N,SS
324,COSF,"132","",N,SS
325,COSF,"134","",N,SS
326,COSF,"139",B,N,SS
327,COSF,"139",A,N,SS
328,COSF,"140",B,N,SS
329,COSF,"140",C,N,SS
330,COSF,"141","",N,SS
331,COSF,"171",A,N,SS
332,COSF,"187","",N,SS
333,CSE,"5",A,N,MS
334,CSE,"5",B,N,MS
335,CSE,"7","",N,MS
336,CSE,"8",A,N,MS
337,CSE,"8",B,N,MS
338,CSE,"11","",N,MS
339,CSE,"12","",N,MS
340,CSE,"20","",N,MS
341,CSE,"21","",N,MS
342,CSE,"30","",N,MS
343,CSE,"62",A,N,MS
344,CSE,"62",B,N,MS
345,CSE,"65","",N,MS
346,CSE,"103","",N,MS
347,CSE,"107","",N,MS
348,ECE,"20",B,N,MS
349,ECE,"20",A,N,MS
350,ECE,"30","",N,MS
351,ECE,"53",B,N,MS
352,ECE,"53",A,N,MS
353,DOC,"1","",N,LS
354,DOC,"2","",N,LS
355,DOC,"3","",N,LS
356,DOC,"100",D,N,LS
357,DSC,"10","",N,MS
358,DSC,"40",A,N,MS
359,DSC,"40",B,N,MS
360,ECON,"1","",N,SS
361,ECON,"2","",N,SS
362,ECON,"3","",N,SS
363,ECON,"5","",N,MS
364,ECON,*,"",Y,SS
365,ECON,"120",C,N,MS
366,ECON,"120",A,N,MS
367,ECON,"120",B,N,MS
368,ECON,"122","",N,MS
369,EDS,"20",S,N,SS
370,EDS,"22","",N,SS
371,EDS,"23","",N,SS
372,EDS,"25","",N,SS
373,EDS,"111","",N,SS
374,EDS,"112","",N,SS
375,EDS,"113","",N,SS
376,EDS,"115","",N,SS
377,EDS,"115",GS,N,SS
378,EDS,"116","",N,SS
379,EDS,"117","",N,SS
380,EDS,"117",GS,N,SS
381,EDS,"118","",N,SS
382,EDS,"119","",N,SS
383,EDS,"125","",N,SS
384,EDS,"126","",N,SS
385,EDS,"133","",N,SS
386,ENVR,"30","",N,NS
387,ENVR,"102","",N,SS
388,ENVR,"110","",N,SS
389,ENVR,"120","",N,NS
390,ENVR,"130","",N,SS
391,ENVR,"131","",N,LS
392,ENVR,"142",GS,N,SS
393,ERTH,*,"",Y,NS
394,ESYS,"101","",N,NS
395,ESYS,"102","",N,NS
396,ESYS,"103","",N,SS
397,ETHN,"1","",N,SS
398,ETHN,"2","",N,SS
399,ETHN,"3","",N,SS
400,ETHN,"20","",N,SS
401,ETHN,*,"",N,SS
402,FMPH,"40","",N,SS
403,FMPH,"50","",N,SS
404,FMPH,"102","",N,MS
405,FMPH,"110","",N,SS
406,FMPH,"120","",N,SS
407,FMPH,"130","",N,SS
408,GLBH,"20","",N,SS
409,GLBH,*,"",Y,SS
410,HDS,"1","",N,SS
411,HDS,*,"",Y,SS
412,HDS,"110","",N,NS
413,HDP,"111","",N,SS
414,HDP,"175","",N,SS
415,HIAF,*,"",Y,LS
416,HIEA,*,"",Y,LS
417,HIEU,*,"",Y,LS
418,HILA,*,"",Y,LS
419,HILD,*,"",N,LS
420,HINE,*,"",Y,LS
421,HISC,*,"",Y,LS
422,HITO,*,"",Y,LS
423,HIUS,*,"",Y,LS
424,HMNR,"100","",N,SS
425,HMNR,"101","",N,SS
426,HUM,"1","",N,LS
427,HUM,"2","",N,LS
428,HUM,"3","",N,LS
429,HUM,"4","",N,LS
430,HUM,"5","",N,LS
431,INTL,"101","",N,SS
432,INTL,"102","",N,SS
433,JAPN,"10",A,N,LA
434,JAPN,"10",B,N,LA
435,JAPN,"10",C,N,LA
436,JAPN,"20",A,N,LA
437,JAPN,"20",B,N,LA
438,JAPN,"20",C,N,LA
439,JAPN,"100",A,N,LA
440,JAPN,"100",B,N,LA
441,JAPN,"100",C,N,LA
442,JAPN,"130",C,N,LA
443,JAPN,"130",B,N,LA
444,JAPN,"130",A,N,LA
445,JAPN,"135",A,N,LA
446,JAPN,"135",B,N,LA
447,JAPN,"135",C,N,LA
448,JAPN,"140",A,N,LA
449,JAPN,"140",C,N,LA
450,JAPN,"140",B,N,LA
451,JAPN,"150",A,N,LA
452,JAPN,"150",B,N,LA
453,JAPN,"150",C,N,LA
454,JUDA,"1","",N,LA
455,JUDA,"2","",N,LA
456,JUDA,"3","",N,LA
457,JUDA,"101","",N,LA
458,JUDA,"102","",N,LA
459,JUDA,"103","",N,LA
460,JUDA,"104","",N,LA
461,JUDA,"100",B,N,LS
462,JWSP,"1","",N,LA
463,JWSP,"2","",N,LA
464,JWSP,"3","",N,LA
465,JWSP,"101","",N,LA
466,JWSP,"102","",N,LA
467,JWSP,"103","",N,LA
468,JWSP,"110","",N,LS
469,JWSP,"111","",N,LS
470,JWSP,"130","",N,LS
471,JWSP,"131","",N,LS
472,LATI,"10","",N,SS
473,LATI,"50","",N,SS
474,LATI,"122",A,N,SS
475,LATI,"122",B,N,SS
476,LATI,"122",C,N,SS
477,LATI,"180","",N,SS
478,LATI,"190","",N,SS
479,LAWS,"101","",N,SS
480,LAWS,"101","",N,LS
481,LAWS,"102",S,N,SS
482,LAWS,"102",S,N,LS
483,LIAB,*,"",N,LA
484,LIFR,*,"",N,LA
485,LIGM,*,"",N,LA
486,LIGN,"3","",N,SS
487,LIGN,"4","",N,SS
488,LIGN,"5","",N,SS
489,LIGN,"6","",N,SS
490,LIGN,"7","",N,SS
491,LIGN,"8","",N,SS
492,LIGN,"9",GS,N,SS
493,LIGN,"17","",N,SS
494,LIGN,"17","",N,MS
495,LIGN,*,"",N,SS
496,LIGN,"180","",N,NS
497,LIGN,"181","",N,NS
498,LIHI,*,"",N,LA
499,LIHL,*,"",Y,LA
500,LIIT,*,"",N,LA
501,LIPO,*,"",N,LA
502,LISL,*,"",N,LA
503,LISP,*,"",N,LA
504,LISP,"16","",N,LA
505,LISP,"15","",N,LA
506,LISP,"17","",N,LA
507,LISP,"18","",N,LA
508,LTAF,"110","",N,LS
509,LTAF,"120","",N,LS
510,LTAM,*,"",Y,LS
511,LTCH,*,"",Y,LA
512,LTCS,"50","",N,LS
513,LTCS,"52","",N,LS
514,LTCS,*,"",Y,LS
515,LTEA,*,"",Y,LS
516,LTEN,*,"",Y,LS
517,LTEN,"21","",N,LS
518,LTEN,"22","",N,LS
519,LTEN,"23","",N,LS
520,LTEN,"25","",N,LS
521,LTEN,"26","",N,LS
522,LTEN,"27","",N,LS
523,LTEN,"28","",N,LS
524,LTEN,"29","",N,LS
525,LTEN,"30","",N,LS
526,LTEN,"31","",N,LS
527,LTEU,*,"",Y,LS
528,LTFR,*,"",Y,LA
529,LTFR,"2",B,N,LA
530,LTFR,"2",A,N,LA
531,LTFR,"2",C,N,LA
532,LTFR,"50","",N,LA
533,LTGK,"1","",N,LA
534,LTGK,"2","",N,LA
535,LTGK,"3","",N,LA
536,LTGK,*,"",Y,LA
537,LTGM,"2",A,N,LA
538,LTGM,"2",C,N,LA
539,LTGM,"2",B,N,LA
540,LTGM,*,"",Y,LA
541,LTIT,"1",B,N,LA
542,LTIT,"1",C,N,LA
543,LTIT,"1",A,N,LA
544,LTIT,"2",A,N,LA
545,LTIT,"2",B,N,LA
546,LTIT,"3","",N,LA
547,LTIT,"50","",N,LA
548,LTIT,*,"",Y,LA
549,LTKO,"1",A,N,LA
550,LTKO,"1",B,N,LA
551,LTKO,"1",C,N,LA
552,LTKO,"2",A,N,LA
553,LTKO,"2",B,N,LA
554,LTKO,"2",C,N,LA
555,LTKO,"2",E,N,LA
556,LTKO,"2",D,N,LA
557,LTKO,"3","",N,LA
558,LTKO,"50","",N,LA
559,LTKO,*,"",Y,LA
560,LTLA,"1","",N,LA
561,LTLA,"2","",N,LA
562,LTLA,"3","",N,LA
563,LTLA,"4","",N,LA
564,LTLA,*,"",Y,LA
565,LTNE,*,"",Y,LS
566,LTRU,"1",A,N,LA
567,LTRU,"1",B,N,LA
568,LTRU,"1",C,N,LA
569,LTRU,"2",A,N,LA
570,LTRU,"2",B,N,LA
571,LTRU,"2",C,N,LA
572,LTRU,"104",A,N,LA
573,LTRU,"104",B,N,LA
574,LTRU,"104",C,N,LA
575,LTRU,"110",A,N,LS
576,LTRU,"110",B,N,LS
577,LTRU,"110",C,N,LS
578,LTRU,"123","",N,LS
579,LTRU,"150","",N,LS
580,LTSP,"2",A,N,LA
581,LTSP,"2",B,N,LA
582,LTSP,"2",C,N,LA
583,LTSP,"2",D,N,LA
584,LTSP,"2",E,N,LA
585,LTSP,"21","",N,LA
586,LTSP,"31","",N,LA
587,LTSP,"41","",N,LA
588,LTSP,"50",A,N,LA
589,LTSP,"50",B,N,LA
590,LTSP,"50",C,N,LA
591,LTSP,*,"",Y,LA
592,LTTH,"110","",N,LS
593,LTTH,"115","",N,LS
594,LTTH,"150","",N,LS
595,LTWL,*,"",Y,LS
596,LTWL,*,"",N,LS
597,MAE,"11","",N,NS
598,MAE,"20","",N,NS
599,MAE,"21","",N,NS
600,MATH,"1",C,N,MS
601,MATH,"1",B,N,MS
602,MATH,"1",A,N,MS
603,MATH,"4",C,N,MS
604,MATH,"6",B,N,MS
605,MATH,"6",A,N,MS
606,MATH,"10",C,N,MS
607,MATH,"10",B,N,MS
608,MATH,"10",A,N,MS
609,MATH,"11","",N,MS
610,MATH,"15",A,N,MS
611,MATH,"18","",N,MS
612,MATH,"20",A,N,MS
613,MATH,"20",C,N,MS
614,MATH,"20",B,N,MS
615,MATH,"20",D,N,MS
616,MATH,"20",E,N,MS
617,MATH,"20",F,N,MS
618,MATH,*,"",Y,MS
619,MGT,"16","",N,LS
620,MMW,"11","",N,LS
621,MMW,"12","",N,LS
622,MMW,"13","",N,LS
623,MMW,"14","",N,LS
624,MMW,"15","",N,LS
625,MMW,"121","",N,LS
626,MMW,"122","",N,LS
627,MUS,"1",C,N,LS
628,MUS,"1",B,N,LS
629,MUS,"1",A,N,LS
630,MUS,"4","",N,LS
631,MUS,"5","",N,LS
632,MUS,"6","",N,LS
633,MUS,"7","",N,LS
634,MUS,"8","",N,LS
635,MUS,"8",GS,N,LS
636,MUS,"9","",N,LS
637,MUS,"10","",N,LS
638,MUS,"11","",N,LS
639,MUS,"12","",N,LS
640,MUS,"13","",N,LS
641,MUS,"13",AF,N,LS
642,MUS,"13",AM,N,LS
643,MUS,"13",AS,N,LS
644,MUS,"14","",N,LS
645,MUS,"15","",N,LS
646,MUS,"16","",N,LS
647,MUS,"17","",N,LS
648,MUS,"18","",N,LS
649,MUS,"20","",N,LS
650,MUS,"102","",N,LS
651,MUS,"105",GS,N,LS
652,MUS,"106","",N,LS
653,MUS,"107","",N,LS
654,MUS,"110","",N,LS
655,MUS,"111","",N,LS
656,MUS,"112","",N,LS
657,MUS,"113","",N,LS
658,MUS,"114","",N,LS
659,MUS,"115","",N,LS
660,MUS,"116","",N,LS
661,MUS,"120",A,N,LS
662,MUS,"120",B,N,LS
663,MUS,"120",C,N,LS
664,MUS,"126","",N,LS
665,MUS,"127","",N,LS
666,MUS,"127",A,N,LS
667,MUS,"127",B,N,LS
668,PHIL,"1","",N,LS
669,PHIL,"10","",N,MS
670,PHIL,"12","",N,NS
671,PHIL,"13","",N,LS
672,PHIL,"14","",N,LS
673,PHIL,"15","",N,LS
674,PHIL,"16","",N,LS
675,PHIL,"25","",N,LS
676,PHIL,"26","",N,LS
677,PHIL,"27","",N,LS
678,PHIL,"28","",N,LS
679,PHIL,"28",GS,N,LS
680,PHIL,"31","",N,LS
681,PHIL,"32","",N,LS
682,PHIL,"33","",N,LS
683,PHIL,"35","",N,LS
684,PHIL,"50","",N,LS
685,PHIL,"120","",N,MS
686,PHIL,"121","",N,MS
687,PHIL,*,"",Y,LS
688,PHYS,"1",A,N,NS
689,PHYS,"1",C,N,NS
690,PHYS,"1",B,N,NS
691,PHYS,"2",A,N,NS
692,PHYS,"2",B,N,NS
693,PHYS,"2",C,N,NS
694,PHYS,"2",D,N,NS
695,PHYS,"3",A,N,NS
696,PHYS,"3",B,N,NS
697,PHYS,"3",C,N,NS
698,PHYS,"3",D,N,NS
699,PHYS,"3",E,N,NS
700,PHYS,"4",A,N,NS
701,PHYS,"4",B,N,NS
702,PHYS,"4",C,N,NS
703,PHYS,"4",D,N,NS
704,PHYS,"4",E,N,NS
705,PHYS,"5","",N,NS
706,PHYS,"7","",N,NS
707,PHYS,"8","",N,NS
708,PHYS,"9","",N,NS
709,PHYS,"10","",N,NS
710,PHYS,"11","",N,NS
711,PHYS,"12","",N,NS
712,PHYS,"13","",N,NS
713,PHYS,"30","",N,LS
714,PHYS,*,"",Y,NS
715,POLI,"5","",N,SS
716,POLI,"5",D,N,SS
717,POLI,"10","",N,SS
718,POLI,"10",D,N,SS
719,POLI,"11",D,N,SS
720,POLI,"11","",N,SS
721,POLI,"12","",N,SS
722,POLI,"12",D,N,SS
723,POLI,"13","",N,SS
724,POLI,"13",D,N,SS
725,POLI,"27","",N,SS
726,POLI,"28","",N,SS
727,POLI,"30","",N,SS
728,POLI,"30",D,N,SS
729,POLI,"40","",N,SS
730,POLI,*,"",Y,SS
731,POLI,*,"",N,SS
732,POLI,"118","",N,MS
733,POLI,"170",A,N,MS
734,PSYC,"1","",N,SS
735,PSYC,"2","",N,NS
736,PSYC,"2","",N,SS
737,PSYC,"3","",N,SS
738,PSYC,"4","",N,SS
739,PSYC,"6","",N,SS
740,PSYC,"7","",N,SS
741,PSYC,"60","",N,MS
742,PSYC,"60","",N,SS
743,PSYC,"70","",N,SS
744,PSYC,"71","",N,SS
745,PSYC,"81","",N,SS
746,PSYC,"125","",N,NS
747,PSYC,"132","",N,NS
748,PSYC,"133","",N,NS
749,PSYC,"150","",N,NS
750,PSYC,*,"",Y,SS
751,RELI,"1","",N,LS
752,RELI,"2","",N,LS
753,RELI,"3","",N,LS
754,RELI,*,"",Y,LS
755,SIO,"1","",N,NS
756,SIO,"3","",N,NS
757,SIO,"10","",N,NS
758,SIO,"10",GS,N,NS
759,SIO,"12","",N,NS
760,SIO,"15","",N,NS
761,SIO,"16","",N,NS
762,SIO,"20","",N,NS
763,SIO,"25","",N,NS
764,SIO,"30","",N,NS
765,SIO,"35","",N,NS
766,SIO,"40","",N,NS
767,SIO,"45","",N,NS
768,SIO,"45",GS,N,NS
769,SIO,"46",GS,N,NS
770,SIO,"50","",N,NS
771,SIO,"60","",N,NS
772,SIO,*,"",Y,NS
773,SIO,"114","",N,SS
774,SIO,"116","",N,SS
775,SIO,"116",GS,N,SS
776,SIO,"118",GS,N,SS
777,SOCI,"1","",N,SS
778,SOCI,"2","",N,SS
779,SOCI,"10","",N,SS
780,SOCL,"10","",N,SS
781,SOCI,"20","",N,SS
782,SOCL,"20","",N,SS
783,SOCI,"30","",N,SS
784,SOCI,"40","",N,SS
785,SOCI,"50","",N,SS
786,SOCI,"60","",N,SS
787,SOCI,"70","",N,SS
788,SOCI,*,"",Y,SS
789,THGE,"1","",N,LS
790,THGE,"3","",N,LS
791,THGE,"10","",N,LS
792,THGE,"11","",N,LS
793,THGE,"12","",N,LS
794,THGE,"27","",N,LS
795,THGE,"122","",N,LS
796,THGE,"123","",N,LS
797,THGE,"124","",N,LS
798,THGE,"125",GS,N,LS
799,THGE,"126","",N,LS
800,THGE,"131","",N,LS
801,THGE,"133","",N,LS
802,THGE,"134","",N,LS
803,TDHD,"20","",N,LS
804,TDHD,"21","",N,LS
805,TDHD,"171","",N,LS
806,TDHD,"172","",N,LS
807,TDHD,"173","",N,LS
808,TDHD,"174","",N,LS
809,TDHD,"175","",N,LS
810,TDHD,"176","",N,LS
811,TDHT,"10","",N,LS
812,TDHT,"21","",N,LS
813,TDHT,"22","",N,LS
814,TDHT,"23","",N,LS
815,TDHT,*,"",Y,LS
816,TDTR,"10","",N,LS
817,TDTR,"20","",N,LS
818,TMC,"15","",N,SS
819,TWS,"20","",N,LS
820,TWS,"21","",N,LS
821,TWS,"22","",N,LS
822,TWS,"23","",N,LS
823,TWS,"24","",N,LS
824,TWS,"25","",N,LS
825,TWS,"26","",N,LS
826,TWS,"130","",N,SS
827,TWS,"132","",N,LS
828,USP,"1","",N,SS
829,USP,"2","",N,SS
830,USP,"3","",N,SS
831,USP,*,"",Y,SS
832,VIS,"11","",N,LS
833,VIS,"20","",N,LS
834,VIS,"21",B,N,LS
835,VIS,"21",A,N,LS
836,VIS,"22","",N,LS
837,VIS,"30","",N,LS
838,VIS,"84","",N,LS
839,VIS,"84",B,N,LS
840,VIS,"85",A,N,LS
841,VIS,"85",B,N,LS
842,VIS,"100","",N,LS
843,VIS,"100",A,N,LS
844,VIS,"101","",N,LS
845,VIS,"101",A,N,LS
846,VIS,"102","",N,LS
847,VIS,"103","",N,LS
848,VIS,"103",A,N,LS
849,VIS,"103",B,N,LS
850,VIS,"105",E,N,LS
851,VIS,"110",H,N,LS
852,VIS,"112","",N,LS
853,VIS,"113",CN,N,LS
854,VIS,"113",BN,N,LS
855,VIS,"113",AN,N,LS
856,VIS,"114",A,N,LS
857,VIS,"114",B,N,LS
858,VIS,"114",GS,N,LS
859,VIS,"117",A,N,LS
860,VIS,"117",B,N,LS
861,VIS,"117",E,N,LS
862,VIS,"117",F,N,LS
863,VIS,"117",G,N,LS
864,VIS,"117",H,N,LS
865,VIS,"117",I,N,LS
866,VIS,"120",D,N,LS
867,VIS,"120",C,N,LS
868,VIS,"120",B,N,LS
869,VIS,"120",A,N,LS
870,VIS,"121",D,N,LS
871,VIS,"121",B,N,LS
872,VIS,"121",AN,N,LS
873,VIS,"121",C,N,LS
874,VIS,"121",H,N,LS
875,VIS,"122",F,N,LS
876,VIS,"122",D,N,LS
877,VIS,"122",CN,N,LS
878,VIS,"122",AN,N,LS
879,VIS,"122",B,N,LS
880,VIS,"122",GS,N,LS
881,VIS,"123",AN,N,LS
882,VIS,"123",BN,N,LS
883,VIS,"124",AN,N,LS
884,VIS,"124",CN,N,LS
885,VIS,"124",BN,N,LS
886,VIS,"124",D,N,LS
887,VIS,"124",E,N,LS
888,VIS,"124",F,N,LS
889,VIS,"125",A,N,LS
890,VIS,"125",BN,N,LS
891,VIS,"125",DN,N,LS
892,VIS,"125",F,N,LS
893,VIS,"125",C,N,LS
894,VIS,"125",G,N,LS
895,VIS,"126",AN,N,LS
896,VIS,"126",BN,N,LS
897,VIS,"126",C,N,LS
898,VIS,"126",D,N,LS
899,VIS,"126",E,N,LS
900,VIS,"126",F,N,LS
901,VIS,"126",HN,N,LS
902,VIS,"126",I,N,LS
903,VIS,"126",J,N,LS
904,VIS,"126",K,N,LS
905,VIS,"126",P,N,LS
906,VIS,"126",Q,N,LS
907,VIS,"126",R,N,LS
908,VIS,"127",B,N,LS
909,VIS,"127",D,N,LS
910,VIS,"127",C,N,LS
911,VIS,"127",E,N,LS
912,VIS,"127",F,N,LS
913,VIS,"127",G,N,LS
914,VIA,"127",I,N,LS
915,VIS,"127",P,N,LS
916,VIS,"127",N,N,LS
917,VIS,"127",Q,N,LS
918,VIS,"127",GS,N,LS
919,VIS,"128",A,N,LS
920,VIS,"128",B,N,LS
921,VIS,"128",C,N,LS
922,VIS,"128",E,N,LS
923,VIS,"128",D,N,LS
924,VIS,"129",A,N,LS
925,VIS,"129",C,N,LS
926,VIS,"129",D,N,LS
927,VIS,"129",E,N,LS
928,VIS,"129",F,N,LS
929,VIS,"150",A,N,LS
930,VIS,"150","",N,LS
931,VIS,"151",A,N,LS
932,VIS,"151","",N,LS
933,VIS,"152","",N,LS
934,VIS,"152",D,N,LS
935,VIS,"154","",N,LS
936,VIS,"155","",N,LS
937,VIS,"156","",N,LS
938,VIS,"157","",N,LS
939,VIS,"158","",N,LS
940,VIS,"159","",N,LS
941,VIS,"161","",N,LS
942,VIS,"194",S,N,LS
945,AP,HA5,"",N,LS
948,AP,BI5,"",N,NS
951,AP,CH5,"",N,NS
954,AP,EA5,"",N,SS
957,AP,EI5,"",N,SS
960,AP,EC5,"",N,LS
963,AP,ES5,"",N,NS
966,AP,AG5,"",N,SS
969,AP,AH5,"",N,LS
972,AP,WH5,"",N,LS
975,AP,MT5,"",N,LS
978,AP,CN5,"",N,LA
981,AP,FG5,"",N,LA
984,AP,GG5,"",N,LA
987,AP,IT5,"",N,LA
990,AP,JP5,"",N,LA
993,AP,SG5,"",N,LA
996,AP,LV5,"",N,LA
999,AP,LL5,"",N,LA
1002,AP,ST5,"",N,LA
1005,AP,ST5,"",N,LS
1008,AP,MA5,"",N,MS
1011,AP,MB5,"",N,MS
1014,AP,MC5,"",N,MS
1017,AP,P15,"",N,NS
1020,AP,PM5,"",N,NS
1023,AP,PE5,"",N,NS
1026,AP,PC5,"",N,SS
1029,AP,MS5,"",N,SS
1105,AP,AG3,"",N,SS
1106,AP,AH3,"",N,LS
1107,AP,BI3,"",N,NS
1108,AP,CH3,"",N,NS
1109,AP,CN3,"",N,LA
1110,AP,EA3,"",N,SS
1111,AP,EC3,"",N,LS
1112,AP,EI3,"",N,SS
1113,AP,ES3,"",N,NS
1114,AP,FG3,"",N,LA
1115,AP,GG3,"",N,LA
1116,AP,HA3,"",N,LS
1117,AP,IT3,"",N,LA
1118,AP,JP3,"",N,LA
1119,AP,LL3,"",N,LA
1120,AP,LV3,"",N,LA
1121,AP,MA3,"",N,MS
1122,AP,MB3,"",N,MS
1123,AP,MC3,"",N,MS
1124,AP,MS3,"",N,SS
1125,AP,MT3,"",N,LS
1126,AP,P13,"",N,NS
1127,AP,PC3,"",N,SS
1128,AP,PE3,"",N,NS
1129,AP,PM3,"",N,NS
1130,AP,SG3,"",N,LA
1131,AP,ST3,"",N,LA
1132,AP,ST3,"",N,LS
1133,AP,WH3,"",N,LS
1136,AP,AG4,"",N,SS
1137,AP,AH4,"",N,LS
1138,AP,BI4,"",N,NS
1139,AP,CH4,"",N,NS
1140,AP,CN4,"",N,LA
1141,AP,EA4,"",N,SS
1142,AP,EC4,"",N,LS
1143,AP,EI4,"",N,SS
1144,AP,ES4,"",N,NS
1145,AP,FG4,"",N,LA
1146,AP,GG4,"",N,LA
1147,AP,HA4,"",N,LS
1148,AP,IT4,"",N,LA
1149,AP,JP4,"",N,LA
1150,AP,LL4,"",N,LA
1151,AP,LV4,"",N,LA
1152,AP,MA4,"",N,MS
1153,AP,MB4,"",N,MS
1154,AP,MC4,"",N,MS
1155,AP,MS4,"",N,SS
1156,AP,MT4,"",N,LS
1157,AP,P14,"",N,NS
1158,AP,PC4,"",N,SS
1159,AP,PE4,"",N,NS
1160,AP,PM4,"",N,NS
1161,AP,SG4,"",N,LA
1162,AP,ST4,"",N,LA
1163,AP,ST4,"",N,LS
1164,AP,WH4,"",N,LS
1167,IB,A5,"",N,SS
1168,IB,B5,"",N,NS
1169,IB,BI5,"",N,NS
1170,IB,CH5,"",N,NS
1171,IB,EC5,"",N,SS
1172,IB,FILM5,"",N,LS
1173,IB,FMA5,"",N,MS
1174,IB,GE5,"",N,SS
1175,IB,GLPO5,"",N,SS
1176,IB,HA5,"",N,LS
1177,IB,HAF5,"",N,LS
1178,IB,HE5,"",N,LS
1179,IB,HEME5,"",N,LS
1180,IB,HSEA5,"",N,LS
1181,IB,L5,"",N,LA
1182,IB,M5,"",N,MS
1183,IB,M15,"",N,LS
1184,IB,MA5,"",N,MS
1185,IB,MU5,"",N,LS
1186,IB,P5,"",N,NS
1187,IB,P15,"",N,SS
1188,IB,PH5,"",N,LS
1189,IB,PS5,"",N,NS
1190,IB,PY5,"",N,SS
1198,IB,A6,"",N,SS
1199,IB,B6,"",N,NS
1200,IB,BI6,"",N,NS
1201,IB,CH6,"",N,NS
1202,IB,EC6,"",N,SS
1203,IB,FILM6,"",N,LS
1204,IB,FMA6,"",N,MS
1205,IB,GE6,"",N,SS
1206,IB,GLPO6,"",N,SS
1207,IB,HA6,"",N,LS
1208,IB,HAF6,"",N,LS
1209,IB,HE6,"",N,LS
1210,IB,HEME6,"",N,LS
1211,IB,HSEA6,"",N,LS
1212,IB,L6,"",N,LA
1213,IB,M6,"",N,MS
1214,IB,M16,"",N,LS
1215,IB,MA6,"",N,MS
1216,IB,MU6,"",N,LS
1217,IB,P6,"",N,NS
1218,IB,P16,"",N,SS
1219,IB,PH6,"",N,LS
1220,IB,PS6,"",N,NS
1221,IB,PY6,"",N,SS
1229,IB,A7,"",N,SS
1230,IB,B7,"",N,NS
1231,IB,BI7,"",N,NS
1232,IB,CH7,"",N,NS
1233,IB,EC7,"",N,SS
1234,IB,FILM7,"",N,LS
1235,IB,FMA7,"",N,MS
1236,IB,GE7,"",N,SS
1237,IB,GLPO7,"",N,SS
1238,IB,HA7,"",N,LS
1239,IB,HAF7,"",N,LS
1240,IB,HE7,"",N,LS
1241,IB,HEME7,"",N,LS
1242,IB,HSEA7,"",N,LS
1243,IB,L7,"",N,LA
1244,IB,M7,"",N,MS
1245,IB,M17,"",N,LS
1246,IB,MA7,"",N,MS
1247,IB,MU7,"",N,LS
1248,IB,P7,"",N,NS
1249,IB,P17,"",N,SS
1250,IB,PH7,"",N,LS
1251,IB,PS7,"",N,NS
1252,IB,PY7,"",N,SS
1253,AP,MS3,"",N,MS
1254,AP,MS4,"",N,MS
1255,AP,MS5,"",N,MS
1256,AP,EH3,"",N,LS
1257,AP,EH4,"",N,LS
1258,AP,EH5,"",N,LS
1259,AP,HG3,"",N,SS
1260,AP,HG4,"",N,SS
1261,AP,HG5,"",N,SS
1262,IB,LATN5,"",N,LA
1263,IB,LATN6,"",N,LA
1264,IB,LATN7,"",N,LA
1265,IB,LATI5,"",N,LA
1266,IB,LATI6,"",N,LA
1267,IB,LATI7,"",N,LA
1268,IB,L15,"",N,LA
1269,IB,L16,"",N,LA
1270,IB,L17,"",N,LA
1271,SE,"18",SE,N,MA
1273,AAS,"11","",N,SS
1274,AAS,"14","",N,SS
1275,AAS,"15","",N,SS
1277,ANTH,"45","",N,SS
1278,ANTH,"46","",N,SS
1279,ANTH,"30","",N,SS
1280,ANTH,"24","",N,SS
1281,ANTH,"10","",N,SS
1282,ANTH,"25","",N,SS
1284,BIOL,"44","",N,NS
1285,BIOL,"46","",N,NS
1286,BIOL,"28","",N,NS
1287,BIOL,"61","",N,NS
1288,BIOL,"98","",N,NS
1289,BIOL,"42","",N,NS
1290,BIOL,"51","",N,NS
1291,CHEM,"41",A,N,NS
1292,CHEM,"41",B,N,NS
1293,CHEM,"41",C,N,NS
1295,COMM,"20","",N,SS
1296,COMM,"30",GS,N,SS
1297,COMM,"30","",N,SS
1298,DSC,"40",A,N,MA
1299,DSC,"40",B,N,MA
1300,ECON,"5","",N,SS
1301,ECON,"5","",N,MA
1304,ETHN,"2",R,N,SS
1305,ETHN,"1",R,N,SS
1306,ETHN,"30","",N,SS
1310,GSS,"20","",N,SS
1311,GSS,"21",GS,N,LS
1312,GSS,"21","",N,LS
1313,GSS,"22","",N,LS
1314,GSS,"23","",N,LS
1315,GSS,"24","",N,LS
1316,GSS,"25","",N,LS
1317,GSS,"26","",N,LS
1318,GSS,"27","",N,LS
1320,HDS,"98","",N,SS
1321,HDS,"99","",N,SS
1322,HDS,"60","",N,SS
1323,HDS,"60","",N,MA
1324,HIST,"20","",N,LS
1325,HIST,"20",R,N,LS
1326,HIST,"42","",N,LS
1327,HIST,"60","",N,LS
1328,HIST,"7",GS,N,LS
1329,HIST,"2",GS,N,LS
1330,HIST,"30",GS,N,LS
1331,HIST,"8",GS,N,LS
1332,HIST,"40","",N,LS
1333,HIST,"41","",N,LS
1334,HIST,"50","",N,LS
1335,HIST,"43","",N,LS
1336,JAPN,"20",AR,N,LA
1341,LING,"1",G,N,LA
1342,LING,"9",GS,N,LA
1343,LING,"6","",N,SS
1344,LING,"42","",N,SS
1345,LING,"18","",N,LA
1346,LIT,"31","",N,LS
1347,LIT,"12",AR,N,LA
1348,LIT,"12",BR,N,LA
1349,LIT,"4","",N,LS
1350,MMW,"11",R,N,SS
1353,MUS,"43","",N,LS
1354,MUS,"19",R,N,LS
1355,MUS,"19","",N,LS
1356,MUS,"5",R,N,LS
1360,PHIL,"24","",N,LS
1363,PHYS,"2",AR,N,NS
1364,POLI,5D,D,N,SS
1366,POLI,"5",D,N,MA
1367,POLI,"5","",N,MA
1368,POLI,"13",DR,N,SS
1369,POLI,"13",R,N,SS
1373,SE,"18","",N,MA
1374,SIO,"75","",N,NS
1379,SOC,"10",R,N,SS
1380,THEA,"1","",N,LS
1381,THEA,"21","",N,LS
1382,THEA,"20","",N,LS
1384,TWS,"20","",N,SS
1385,USP,"30","",N,SS
1386,USP,"25","",N,SS
1387,USP,"5","",N,SS
1388,USP,"15","",N,SS
1389,USP,"6","",N,SS
1390,VIS,"10","",N,LS
1393,VIS,"21",C,N,LS
1394,VIS,"31","",N,LS
1395,VIS,"32","",N,LS
1396,VIS,"32","",N,NS
1397,VIS,"83","",N,LS
1400,VIS,"8","",N,LS
1401,VIS,"6","",N,LS
1402,VIS,"6","",N,SS
1403,AAS,"190","",N,SS
1405,AAS,"179","",N,SS
1406,AAS,"191","",N,SS
1407,AAS,"194","",N,SS
1408,AAS,"193","",N,SS
1409,AAS,"171","",N,SS
1410,AAS,"172","",N,SS
1411,AAS,"170","",N,SS
1412,ANTH,"114","",N,SS
1413,ANTH,"113","",N,SS
1414,ANTH,"115","",N,NS
1415,ANTH,"116","",N,NS
1416,ANTH,"159","",N,SS
1417,ANTH,"165","",N,SS
1418,ANTH,"135",S,N,SS
1419,ANTH,"124","",N,SS
1420,ANTH,"138","",N,SS
1421,ANTH,"186","",N,SS
1422,ANTH,"164","",N,SS
1423,ANTH,"166","",N,SS
1424,ANTH,"146","",N,SS
1425,ANTH,"155","",N,SS
1426,ANTH,"120","",N,SS
1427,ANTH,"135","",N,SS
1428,ANTH,"121","",N,SS
1429,ANTH,"174","",N,SS
1430,ANTH,"139","",N,SS
1431,ANTH,"139","",N,NS
1432,ANTH,"149","",N,SS
1433,ANTH,"149","",N,NS
1434,ANTH,"136","",N,NS
1435,ANTH,"117","",N,SS
1436,ANTH,"118","",N,SS
1437,ANTH,"131","",N,SS
1438,ANTH,"133","",N,SS
1439,ANTH,"133","",N,NS
1440,ANTH,"150","",N,NS
1441,ANTH,"134","",N,NS
1442,ANTH,"173","",N,SS
1444,ANTH,"132","",N,SS
1446,ANTH,"110","",N,SS
1448,ANTH,"101",A,N,SS
1449,ANTH,"189","",N,SS
1450,ANTH,"192",GS,N,SS
1451,ANTH,"193",GS,N,SS
1452,ANTH,"190",GS,N,SS
1453,ANTH,"191",GS,N,SS
1454,ANTH,"125",GS,N,SS
1455,ANTH,"106",GS,N,SS
1456,ANTH,"135",GS,N,SS
1457,ANTH,"183","",N,SS
1458,ANTH,"184","",N,SS
1459,ANTH,"185","",N,SS
1461,ANTH,"161","",N,SS
1464,ANTH,"187","",N,SS
1465,ANTH,"188","",N,SS
1466,ANTH,"190","",N,SS
1467,ANTH,"194","",N,SS
1468,ANTH,"107","",N,SS
1471,ANTH,"179","",N,SS
1472,ANTH,"178","",N,SS
1473,ANTH,"180","",N,SS
1474,ANTH,"181","",N,SS
1476,ANTH,"182","",N,SS
1477,ANTH,"105",GS,N,SS
1478,ANTH,"153","",N,SS
1479,ANTH,"193","",N,SS
1480,ANTH,"192","",N,SS
1481,ANTH,"191","",N,SS
1482,ANTH,"196","",N,SS
1483,ANTH,"192",A,N,SS
1484,ANTH,"134","",N,SS
1493,ANTH,"111","",N,SS
1494,ANTH,"112","",N,SS
1495,BIOL,"151","",N,NS
1496,BIOL,"104","",N,NS
1497,BIOL,"102","",N,NS
1498,BIOL,"158","",N,NS
1500,BIOL,"137",GS,N,NS
1501,BIOL,"136",GS,N,NS
1502,BIOL,"152","",N,NS
1503,BIOL,"154","",N,NS
1504,BIOL,"146","",N,NS
1505,BIOL,"182","",N,NS
1506,BIOL,"134","",N,NS
1507,BIOL,"156","",N,NS
1508,BIOL,"140","",N,NS
1509,BIOL,"116",R,N,NS
1510,BIOL,"174","",N,NS
1511,BIOL,"116",B,N,NS
1512,BIOL,"143","",N,NS
1513,BIOL,"172","",N,NS
1514,BIOL,"143",R,N,NS
1515,BIOL,"160","",N,NS
1517,BIOL,"147","",N,NS
1519,BIOL,"164","",N,NS
1520,BIOL,"193","",N,NS
1521,BIOL,"198","",N,NS
1522,CCS,"123","",N,SS
1523,CCS,"101","",N,SS
1524,CCS,"102","",N,SS
1525,CGS,"100",B,N,SS
1526,CGS,"108","",N,SS
1527,CGS,"117","",N,SS
1528,CGS,"100",A,N,SS
1529,CGS,"126","",N,SS
1530,CGS,"110","",N,SS
1531,CGS,"116","",N,SS
1532,CGS,"125","",N,LS
1533,CGS,"109","",N,SS
1534,CGS,"127","",N,SS
1535,CGS,"130","",N,LS
1536,CGS,"128","",N,SS
1537,CHEM,"198","",N,NS
1538,CHEM,"186","",N,NS
1539,CHEM,"115","",N,NS
1540,CHEM,"134","",N,NS
1541,CHEM,"142","",N,NS
1542,CHEM,"111","",N,NS
1543,CHEM,"119","",N,NS
1544,CLAS,"120","",N,LS
1545,CLAS,"109","",N,LS
1546,CLAS,"110","",N,LS
1547,CLAS,"198","",N,LS
1548,CLAS,"199","",N,LS
1549,CLAS,"121",R,N,LS
1550,COGS,"118",C,N,NS
1552,COGS,"118",D,N,MA
1553,COGS,"165","",N,NS
1554,COGS,"182","",N,MA
1555,COGS,"142","",N,NS
1558,COGS,"170","",N,NS
1559,COGS,"116","",N,NS
1561,COGS,"143",GS,N,NS
1562,COGS,"111","",N,SS
1563,COGS,"112","",N,SS
1564,COMM,"106",D,N,SS
1565,COMM,"106",E,N,SS
1566,COMM,"115","",N,SS
1567,COMM,"139","",N,SS
1568,COMM,"178","",N,SS
1569,COMM,"104",GS,N,SS
1571,COMM,"156","",N,SS
1585,COMM,"101",A,N,SS
1586,CSE,"194","",N,SS
1587,DSC,"160","",N,SS
1588,ECON,"165",T,N,SS
1589,ECON,"169","",N,SS
1590,ECON,"168","",N,SS
1591,ECON,"102",T,N,SS
1592,ECON,"183","",N,SS
1593,ECON,"181","",N,SS
1594,ECON,"137","",N,SS
1595,ECON,"104","",N,SS
1596,ECON,"138","",N,SS
1597,ECON,"106","",N,SS
1598,ECON,"112","",N,SS
1599,ECON,"167","",N,SS
1600,ECON,"134","",N,SS
1601,ECON,"164",T,N,SS
1602,ECON,"129","",N,SS
1603,ECON,"109",T,N,SS
1604,ECON,"122","",N,SS
1605,ECON,"164","",N,SS
1606,EDS,"102","",N,SS
1607,EDS,"103","",N,SS
1610,EDS,"111",GS,N,SS
1611,EDS,"110",R,N,SS
1613,EDS,"180","",N,SS
1614,EDS,"164",R,N,SS
1615,EDS,"146","",N,SS
1617,ENVR,"150",GS,N,SS
1618,ENVR,"150","",N,SS
1619,ENVR,"105","",N,SS
1620,ERC,"190",GS,N,SS
1621,ETHN,"141","",N,SS
1622,ETHN,"167","",N,SS
1623,ETHN,"112",C,N,SS
1624,ETHN,"121",R,N,SS
1625,ETHN,"140",A,N,SS
1626,ETHN,"138","",N,SS
1627,ETHN,"101",TV,N,SS
1628,ETHN,"136","",N,SS
1629,ETHN,"163",E,N,SS
1630,ETHN,"140","",N,SS
1631,ETHN,"113",A,N,SS
1632,ETHN,"144",M,N,SS
1633,FMPH,"180",A,N,SS
1634,FMPH,"101","",N,SS
1635,FMPH,"102","",N,SS
1640,FMPH,"196",A,N,SS
1641,FMPH,"196",B,N,SS
1642,FMPH,"196",C,N,SS
1643,FMPH,"151","",N,LS
1644,FMPH,"191","",N,SS
1645,FMPH,"171","",N,SS
1646,FMPH,"155","",N,SS
1647,FMPH,"161","",N,SS
1648,FMPH,"180",B,N,SS
1649,FMPH,"193","",N,SS
1650,FMPH,"180",C,N,SS
1651,FMPH,"198","",N,SS
1652,GLBH,"160","",N,SS
1653,GLBH,"100","",N,SS
1654,GLBH,"148","",N,SS
1655,GLBH,"163","",N,SS
1656,GLBH,"113","",N,SS
1657,GLBH,"111","",N,SS
1658,GLBH,"102","",N,SS
1659,GLBH,"196","",N,SS
1660,GLBH,"103","",N,SS
1661,GLBH,"104","",N,LS
1662,GLBH,"106","",N,SS
1663,GLBH,"107","",N,SS
1664,GLBH,"108",S,N,SS
1665,GLBH,"129","",N,SS
1666,GLBH,"146","",N,SS
1667,GLBH,"147","",N,SS
1668,GLBH,"101","",N,SS
1669,GLBH,"150","",N,SS
1670,GLBH,"105","",N,SS
1671,GLBH,"110","",N,SS
1672,GLBH,"170",R,N,SS
1673,GLBH,"171",R,N,SS
1674,GLBH,"142","",N,SS
1675,GLBH,"141","",N,SS
1676,GLBH,"173","",N,SS
1677,GLBH,"114","",N,SS
1678,GLBH,"109","",N,SS
1679,GLBH,"112","",N,SS
1682,HDS,"133","",N,SS
1684,HDS,"120","",N,SS
1685,HDS,"122","",N,SS
1686,HDS,"111","",N,SS
1687,HDS,"150","",N,SS
1688,HDS,"160","",N,SS
1689,HDS,"171","",N,SS
1690,HDS,"175","",N,SS
1691,HDS,"199","",N,SS
1692,HDS,"173","",N,SS
1693,"",*,"",Y,SS
1697,"",*,"",N,SS
1702,HIST,"124","",N,LS
1703,HIST,"190",M,N,LS
1704,HIST,"155","",N,LS
1705,HIST,"109","",N,LS
1706,HIST,"198","",N,LS
1707,HIST,"170","",N,LS
1708,HIST,"154","",N,LS
1709,HIST,"140",R,N,LS
1710,HIST,"122","",N,LS
1711,HIST,"100","",N,LS
1712,HIST,"119","",N,LS
1713,HIST,"166","",N,LS
1715,HIST,"135",GS,N,LS
1716,HIST,"108","",N,LS
1717,HIST,"148","",N,LS
1718,HIST,"147","",N,LS
1719,HIST,"114","",N,LS
1720,HIST,"113","",N,LS
1721,HIST,"139","",N,LS
1722,HIST,"140","",N,LS
1723,HIST,"123","",N,LS
1724,HIST,"106","",N,LS
1725,HIST,"149","",N,LS
1726,HIST,"104","",N,LS
1728,HIST,"135","",N,LS
1729,HIST,"145","",N,LS
1730,HIST,"132",GS,N,LS
1732,HIST,"125","",N,LS
1733,HIST,"171","",N,LS
1734,HIST,"111","",N,LS
1738,HIST,"115","",N,LS
1739,HIST,"128","",N,LS
1740,HIST,"129","",N,LS
1744,HIST,"126","",N,LS
1747,HIST,"132","",N,LS
1750,HIST,"176","",N,LS
1752,HIST,"118",GS,N,LS
1753,HIST,"160",GS,N,LS
1754,HIST,"156",GS,N,LS
1756,HIST,"116","",N,LS
1757,HIST,"167","",N,LS
1759,HIST,"115",GS,N,LS
1761,HIST,"137","",N,LS
1762,HIST,"133",GS,N,LS
1764,HIST,"143",GS,N,LS
1765,HIST,"125",GS,N,LS
1767,HIST,"119",GS,N,LS
1768,HIST,"174","",N,LS
1769,HIST,"103","",N,LS
1770,HIST,"177","",N,LS
1771,HIST,"102","",N,LS
1772,HIST,"105","",N,LS
1774,HIST,"165","",N,LS
1776,HIST,"120",D,N,LS
1777,HUM,"119","",N,LS
1778,JWSP,"104","",N,LA
1784,LATI,"150","",N,SS
1785,LING,"115","",N,SS
1786,LING,"149",GS,N,SS
1787,LING,"152","",N,SS
1788,LING,"154","",N,SS
1789,LING,"168","",N,SS
1790,LING,"178","",N,SS
1791,LING,"113","",N,SS
1792,LING,"125","",N,SS
1793,LING,"132",F,N,LA
1794,LING,"134",F,N,LA
1795,LING,"124",F,N,LA
1796,LING,"135",F,N,LA
1797,LING,"137",F,N,LA
1798,LING,"139",F,N,LA
1799,LING,"124",P,N,LA
1800,LING,"132",P,N,LA
1801,LING,"134",P,N,LA
1802,LING,"135",P,N,LA
1803,LING,"137",P,N,LA
1804,LING,"139",P,N,LA
1805,LING,"124W",W,N,LA
1806,LING,"132W",W,N,LA
1807,LING,"134W",W,N,LA
1808,LING,"135W",W,N,LA
1809,LING,"137W",W,N,LA
1810,LING,"139W",W,N,LA
1811,LIT,"120",GS,N,LS
1812,LIT,"110",GS,N,LS
1813,LIT,"120","",N,LS
1815,LIT,"111",GS,N,LS
1816,LIT,"134","",N,LS
1817,LIT,"119","",N,LS
1818,LIT,"138",GS,N,LS
1819,LIT,"128","",N,LS
1820,LIT,"130",GS,N,LS
1821,LIT,"100","",N,LS
1822,LIT,"152",GS,N,SS
1823,LIT,"153",GS,N,LS
1824,LIT,"141","",N,LS
1825,LIT,"104","",N,LA
1826,LIT,"105","",N,LS
1827,LIT,"103",S,N,LS
1828,LIT,"130","",N,LA
1829,LIT,"140","",N,LA
1830,LIT,"105","",N,LA
1831,LIT,"102","",N,LA
1832,LIT,"100",A,N,LA
1833,LIT,"100",B,N,LA
1834,LIT,"194","",N,LS
1835,LIT,"177","",N,LS
1836,LIT,"174","",N,LS
1837,LIT,"172",GS,N,LS
1838,MATH,"173",A,N,MA
1839,MATH,"173",B,N,MA
1840,MATH,"188","",N,MA
1841,MATH,"158","",N,MA
1842,MATH,"144","",N,MA
1843,MATH,"146","",N,MA
1844,MATH,"148","",N,MA
1845,MATH,"190",B,N,MA
1846,MATH,"106","",N,MA
1847,MATH,"181",D,N,MA
1848,MATH,"181",F,N,MA
1849,MATH,"105","",N,MA
1850,MATH,"187",B,N,MA
1851,MATH,"112",A,N,MA
1852,MATH,"112",B,N,MA
1853,MATH,"182","",N,MA
1854,RSM,"167","",N,SS
1855,MMW,"121",R,N,LS
1857,MUS,"126",R,N,LS
1860,PHIL,"155","",N,LS
1861,PHIL,"140","",N,LS
1862,PHIL,"156","",N,LS
1863,PHIL,"141","",N,LS
1864,PHIL,"125","",N,MA
1865,PHIL,"159","",N,LS
1866,PHIL,"171","",N,LS
1867,PHIL,"172","",N,LS
1868,PHIL,"164",GS,N,LS
1869,PHIL,"173","",N,LS
1870,PHIL,"158","",N,LS
1871,PHIL,"142","",N,LS
1872,PHIL,"143","",N,LS
1873,PHIL,"138","",N,LS
1874,PHIL,"139","",N,LS
1875,PHIL,"174","",N,LS
1876,PHYS,"116","",N,NS
1877,PHYS,"113","",N,NS
1878,POLI,"171","",N,SS
1879,POLI,"100W","",N,SS
1880,POLI,"100V","",N,SS
1881,POLI,"134J","",N,SS
1882,POLI,"101E","",N,SS
1883,POLI,"117R","",N,SS
1884,POLI,"130","",N,SS
1885,POLI,"133","",N,SS
1886,POLI,"100Z","",N,SS
1887,POLI,"143","",N,SS
1888,POLI,"104T","",N,SS
1889,POLI,"149","",N,SS
1890,POLI,"135D","",N,SS
1891,POLI,"177","",N,SS
1892,POLI,"178","",N,SS
1893,POLI,"120","",N,SS
1894,POLI,"120",GS,N,SS
1895,POLI,"139","",N,SS
1896,POLI,"196","",N,SS
1897,POLI,"104",P,N,SS
1898,POLI,"104",K,N,SS
1899,POLI,"117","",N,SS
1900,POLI,"135","",N,SS
1901,POLI,"137","",N,SS
1902,POLI,"100",Y,N,SS
1903,POLI,"170","",N,SS
1904,POLI,"120",F,N,SS
1905,POLI,"120K",K,N,SS
1906,POLI,"104",U,N,SS
1907,POLI,"113",CR,N,SS
1908,POLI,"132R",R,N,SS
1909,POLI,"138","",N,SS
1910,POLI,"107","",N,SS
1911,POLI,"145","",N,SS
1912,POLI,"104",V,N,SS
1913,POLI,"125","",N,SS
1914,POLI,"147",B,N,SS
1915,POLI,"131","",N,SS
1916,POLI,"104",J,N,SS
1917,POLI,"100",I,N,SS
1918,POLI,"179","",N,SS
1919,POLI,"164","",N,SS
1920,POLI,"125",E,N,SS
1921,POLI,"130",G,N,SS
1922,POLI,"118","",N,SS
1923,POLI,"125",D,N,SS
1924,POLI,"134","",N,SS
1925,POLI,"174","",N,SS
1926,POLI,"100",X,N,SS
1927,POLI,"110",F,N,SS
1928,POLI,"131",CR,N,SS
1929,POLI,"113",BR,N,SS
1930,POLI,"114",BR,N,SS
1931,POLI,"130",AR,N,SS
1932,PSYC,"174","",N,SS
1933,PSYC,"167","",N,SS
1934,PSYC,"116",A,N,SS
1935,PSYC,"127","",N,SS
1936,PSYC,"186",GS,N,SS
1937,PSYC,"148",GS,N,SS
1938,PSYC,"127",GS,N,SS
1939,PSYC,"116",C,N,SS
1940,PSYC,"131","",N,SS
1941,PSYC,"186","",N,SS
1942,PSYC,"118","",N,SS
1943,PSYC,"116",B,N,SS
1944,PSYC,"175","",N,SS
1945,PSYC,"185","",N,SS
1946,PSYC,"190",R,N,SS
1947,RELI,"140","",N,LS
1948,RELI,"157",GS,N,LS
1949,RELI,"158",GS,N,LS
1950,RELI,"159",GS,N,LS
1951,RELI,"160",GS,N,LS
1952,RELI,"188",GS,N,LS
1953,RELI,"149","",N,LS
1954,RELI,"151","",N,LS
1955,RELI,"155","",N,LS
1956,RELI,"153","",N,LS
1957,RELI,"154","",N,LS
1958,RELI,"156","",N,LS
1959,SIO,"137","",N,NS
1960,SIO,"161","",N,NS
1961,SIO,"186","",N,NS
1962,SIO,"116",GS,N,NS
1963,SIO,"118",GS,N,NS
1964,SIO,"170",GS,N,NS
1965,SIO,"171","",N,NS
1966,SIO,"176","",N,NS
1967,SIO,"177","",N,NS
1968,SIO,"178","",N,NS
1969,SIO,"174","",N,NS
1970,SIO,"131","",N,NS
1971,SIO,"121",GS,N,NS
1972,SIO,"121","",N,NS
1973,SIO,"122","",N,NS
1974,SIO,"124","",N,NS
1975,SIO,"188","",N,NS
1976,SIO,"116","",N,NS
1977,SIO,"167","",N,NS
1978,SIO,"153","",N,NS
1979,SIO,"107","",N,NS
1980,SOC,"111","",N,SS
1981,SOC,"168","",N,SS
1982,SOC,"151","",N,SS
1983,SOC,"198","",N,SS
1984,SOC,"140",A,N,SS
1985,SOC,"140",J,N,SS
1986,SOC,"190",GS,N,SS
1987,SOC,"125",GS,N,SS
1988,SOC,"174","",N,SS
1989,SOC,"189",GS,N,SS
1990,SOC,"138",GS,N,SS
1991,SOC,"124","",N,SS
1992,SOC,"198",RA,N,SS
1993,SOC,"173","",N,SS
1994,SOC,"120","",N,SS
1995,SOC,"176","",N,SS
1996,SOC,"188","",N,SS
1997,SOC,"136","",N,SS
1998,SOC,"168",G,N,SS
1999,SOC,"146","",N,SS
2000,SOC,"114","",N,SS
2001,SOC,"183","",N,SS
2002,SOC,"165","",N,SS
2003,SOC,"125",M,N,SS
2004,SOC,"140",K,N,SS
2005,SOC,"121",R,N,SS
2006,SOC,"130",E,N,SS
2007,SOC,"133",E,N,SS
2008,THEA,"131","",N,LS
2009,THEA,"131",R,N,LS
2010,THEA,"125",GS,N,LS
2011,THEA,"100","",N,LS
2012,THEA,"120","",N,LS
2013,TMC,"120","",N,SS
2015,USP,"140","",N,SS
2016,USP,"182","",N,SS
2017,USP,"171",GS,N,SS
2018,USP,"128",A,N,SS
2019,USP,"173",GS,N,SS
2020,USP,"183",GS,N,SS
2021,USP,"169","",N,SS
2022,USP,"131","",N,SS
2023,USP,"141",A,N,SS
2024,USP,"141",B,N,SS
2025,USP,"161","",N,SS
2026,USP,"159",B,N,SS
2027,USP,"142",B,N,SS
2028,USP,"164","",N,SS
2029,USP,"150","",N,SS
2030,USP,"153","",N,SS
2031,USP,"155","",N,SS
2032,USP,"177",B,N,SS
2033,USP,"159",A,N,SS
2034,USP,"158",A,N,SS
2035,USP,"142",A,N,SS
2036,USP,"165",A,N,SS
2037,USP,"165",B,N,SS
2038,USP,"165",C,N,SS
2039,USP,"165",D,N,SS
2040,USP,"128",B,N,SS
2041,USP,"148","",N,SS
2042,USP,"184","",N,SS
2051,VIS,"136",A,N,LS
2052,VIS,"158",B,N,LS
2053,VIS,"157",D,N,LS
2054,VIS,"158",D,N,LS
2056,VIS,"124",G,N,LS
2057,VIS,"125",E,N,LS
2058,VIS,"123",B,N,LS
2059,VIS,"123",C,N,LS
2060,VIS,"158",C,N,LS
2061,VIS,"103",D,N,LS
2062,VIS,"163","",N,LS
2063,VIS,"143","",N,LS
2066,VIS,"128",F,N,LS
2067,VIS,"129",I,N,LS
2068,VIS,"148","",N,LS
2073,VIS,"127",I,N,LS
2075,VIS,"133","",N,LS
2076,VIS,"103",C,N,LS
2077,VIS,"196",A,N,LS
2078,VIS,"196",B,N,LS
2079,AAS,"197","",N,SS
2080,AAS,"10R","",N,SS
2081,AAS,"170R","",N,SS
2082,ANTH,"146R","",N,SS
2083,ANTH,"115B","",N,SS
2084,ANTH,"143GS","",N,NS
2085,ANTH,"144GS","",N,NS
2087,ASTR,"1","",N,NS
2088,ASTR,"2","",N,NS
2089,ASTR,"3","",N,NS
2090,ASTR,"4","",N,NS
2091,ASTR,"10","",N,NS
2092,ASTR,"15","",N,NS
2093,ASTR,"18","",N,NS
2094,ASTR,"20A","",N,NS
2095,ASTR,"20B","",N,NS
2096,ASTR,"60","",N,NS
2097,ASTR,"101","",N,NS
2098,ASTR,"102","",N,NS
2099,ASTR,"103","",N,NS
2100,ASTR,"104","",N,NS
2101,ASTR,"105","",N,NS
2102,ASTR,"106","",N,NS
2103,ASTR,"120","",N,NS
2104,ASTR,"122","",N,NS
2105,ASTR,"123","",N,NS
2106,ASTR,"124","",N,NS
2107,ASTR,"130","",N,NS
2108,ASTR,"131","",N,NS
2109,ASTR,"150","",N,NS
2110,ASTR,"154","",N,NS
2111,ASTR,"155","",N,NS
2112,ASTR,"198","",N,NS
2113,ASTR,"199","",N,NS
2114,ASTR,"199H","",N,NS
2115,ASTR,"65","",N,NS
2116,BIOL,"1","",N,NS
2117,BIOL,"2","",N,NS
2119,BIOL,"100R","",N,NS
2120,BIOL,"110R","",N,NS
2121,BIOL,"102GS","",N,NS
2124,BIOL,"141","",N,NS
2125,BIOL,"159","",N,NS
2126,BIOL,"148","",N,NS
2127,BIOL,"138GS","",N,NS
2129,BIOL,"84R","",N,NS
2130,BIOL,"60GS","",N,NS
2131,BIOL,"88","",N,NS
2132,BIOL,"24","",N,NS
2133,BIOL,"116R","",N,NS
2134,BIOL,"143R","",N,NS
2135,BIOL,"128","",N,NS
2136,BIOL,"132GS","",N,NS
2138,BIOL,"175","",N,NS
2139,CAT,"124RS","",N,HU
2140,CAT,"125RS","",N,HU
2141,CAT,"3CE","",N,HU
2142,CAT,"2CE","",N,HU
2143,CCE,"1","",N,HU
2144,CCE,"2","",N,HU
2145,CGS,"116","",N,ÃŸ
2146,CGS,"135","",N,SS
2147,CGS,"167A","",N,SS
2148,CGS,"136","",N,SS
2149,CGS,"134","",N,SS
2150,CHEM,"41A","",N,NS
2151,CHEM,"41B","",N,NS
2152,CHEM,"41C","",N,NS
2153,CHEM,"163","",N,NS
2154,CHEM,"117","",N,NS
2155,CHEM,"103","",N,NS
2156,CHEM,"169","",N,NS
2157,CLAS,"119","",N,HU
2158,COGS,"150","",N,SS
2159,COMM,"199H","",N,SS
2160,COMM,"114A","",N,SS
2161,COMM,"114B","",N,SS
2163,COMM,"114W","",N,SS
2164,COMM,"142","",N,SS
2165,COMM,"106N","",N,SS
2166,COMM,"118C","",N,SS
2167,COMM,"106","",N,SS
2169,COMM,"148","",N,SS
2170,COMM,"185","",N,SS
2172,ECON,"149","",N,SS
2173,ECON,"190","",N,SS
2174,ECON,"152T","",N,SS
2175,ECON,"175","",N,SS
2176,ECON,"185","",N,SS
2177,ECON,"186","",N,SS
2178,ECON,"132T","",N,SS
2179,EDS,"108GS","",N,SS
2180,EDS,"127","",N,SS
2181,EDS,"155","",N,SS
2182,EDS,"107","",N,SS
2183,EDS,"40","",N,SS
2184,EDS,"165","",N,SS
2185,ENVR,"111","",N,SS
2186,ENVR,"152","",N,SS
2187,ETHN,"121R","",N,SS
2188,ETHN,"1R","",N,SS
2189,ETHN,"2R","",N,SS
2190,ETHN,"167A","",N,SS
2191,ETHN,"109A","",N,SS
2192,ETHN,"125R","",N,SS
2193,ETHN,"3R","",N,SS
2194,ETHN,"186","",N,SS
2195,ETHN,"20R","",N,SS
2196,ETHN,"123A","",N,SS
2197,ETHN,"185A","",N,SS
2198,ETHN,"122A","",N,SS
2199,ETHN,"122B","",N,SS
2200,GLBH,"119","",N,SS
2201,GLBH,"108","",N,SS
2202,GLBH,"115","",N,SS
2203,GLBH,"116","",N,SS
2204,GLBH,"117","",N,SS
2205,GLBH,"118","",N,HU
2206,GLBH,"120","",N,SS
2207,GSS,"197","",N,SS
2208,GSS,"198","",N,SS
2209,GSS,"199","",N,SS
2210,GSS,"27","",N,SS
2211,HIST,"121","",N,HU
2212,HIST,"114","",N,HU
2213,HIST,"144P","",N,HU
2214,HIST,"144","",N,HU
2217,HIST,"132","",N,HU
2218,HIST,"149GS","",N,HU
2220,HIST,"126","",N,HU
2222,HIST,"133","",N,HU
2223,HIST,"60","",N,HU
2225,HIST,"137","",N,HU
2226,HIST,"137GS","",N,HU
2229,HIST,"170","",N,HU
2230,HIST,"88","",N,HU
2231,HIST,"141","",N,HU
2233,HUM,"100","",N,HU
2234,HUM,"4R","",N,HU
2235,INTL,"100","",N,SS
2236,JAPN,"180","",N,HU
2237,JAPN,"20AR","",N,LA
2238,JAPN,"10AR","",N,LA
2239,JAPN,"10BR","",N,LA
2240,JAPN,"10CR","",N,LA
2241,JAPN,"137A","",N,LA
2242,JAPN,"137B","",N,LA
2243,JAPN,"137C","",N,LA
2244,LATI,"140","",N,SS
2245,LATI,"160","",N,SS
2246,LATI,"170","",N,SS
2247,LATI,"130","",N,SS
2249,LING,"188R","",N,SS
2250,LING,"118F","",N,LA
2251,LING,"1AR","",N,LA
2252,LIT,"120","",N,HU
2253,LIT,"172GS","",N,HU
2254,LIT,"10","",N,HU
2255,LIT,"11","",N,HU
2256,LIT,"12","",N,HU
2257,LIT,"119GS","",N,HU
2258,LIT,"145","",N,HU
2259,LIT,"128","",N,HU
2260,LIT,"185GS","",N,HU
2261,LIT,"130W","",N,LA
2262,LIT,"130F","",N,LA
2263,LIT,"130P","",N,LA
2264,LIT,"135","",N,LA
2266,LIT,"150","",N,HU
2267,LIT,"155","",N,HU
2268,LIT,"169","",N,HU
2269,LIT,"180","",N,HU
2270,LIT,"123GS","",N,HU
2271,LIT,"174GS","",N,HU
2272,LIT,"1F","",N,HU
2273,LIT,"110","",N,HU
2274,LIT,"115","",N,HU
2275,LIT,"124","",N,HU
2276,LIT,"126","",N,HU
2278,LIT,"101","",N,HU
2282,LIT,"102","",N,HU
2283,MMW,"11R","",N,HU
2284,MMW,"12R","",N,HU
2285,MMW,"13R","",N,HU
2286,SPH,"130","",N,SS
2287,SPH,"196AH","",N,SS
2288,SPH,"196BH","",N,SS
2289,SPH,"191","",N,SS
2290,SPH,"80","",N,SS
2291,SPH,"91","",N,SS
2292,SPH,"151","",N,SS
2293,SPH,"40","",N,SS
2294,SPH,"50","",N,SS
2295,SPH,"45","",N,SS
2296,SPH,"102","",N,SS
2297,SPH,"101","",N,SS
2298,SPH,"110","",N,SS
2299,SPH,"199","",N,SS
2300,SPH,"120","",N,SS
2301,SPH,"155","",N,SS
2302,SPH,"161","",N,SS
2303,SPH,"171","",N,SS
2304,SPH,"193","",N,SS
2305,SPH,"194","",N,SS
2306,SPH,"198","",N,SS
2307,SPH,"99","",N,SS
2308,SPH,"98","",N,SS
2309,SPH,"193R","",N,SS
2310,SPH,"194R","",N,SS
2311,SPH,"151R","",N,SS
2312,SPH,"157","",N,SS
2313,SPH,"172","",N,SS
2314,PHIL,"51","",N,HU
2315,PHIL,"60","",N,HU
2316,PHIL,"157","",N,HU
2317,PHIL,"55","",N,HU
2318,PHIL,"176","",N,HU
2319,PHIL,"184","",N,HU
2320,PHYS,"136","",N,NS
2322,POLI,"161","",N,SS
2323,POLI,"152","",N,SS
2324,POLI,"121D","",N,SS
2325,POLI,"104O","",N,SS
2326,POLI,"104Q","",N,SS
2328,PSYC,"3R","",N,SS
2329,RELI,"145GS","",N,HU
2331,SIO,"190L","",N,NS
2332,SIO,"20R","",N,NS
2333,SOC,"190GS","",N,SS
2334,SOC,"144P","",N,SS
2335,SOC,"139A","",N,SS
2336,SOC,"143V","",N,SS
2337,SOC,"111T","",N,SS
2338,SOC,"149E","",N,SS
2339,SOC,"88","",N,SS
2340,SYN,"150","",N,HU
2341,SYN,"199","",N,HU
2342,SYN,"1R","",N,HU
2343,SYN,"2R","",N,HU
2344,SYN,"198","",N,HU
2345,SYN,"150R","",N,HU
2346,THEA,"131R","",N,HU
2347,THEA,"122","",N,HU
2349,USP,"142C","",N,SS
2350,USP,"188B","",N,SS
2351,USP,"162","",N,SS
2352,USP,"163","",N,SS
2353,USP,"108","",N,SS
2354,USP,"60","",N,SS
2355,USP,"119","",N,SS
2356,VIS,"103D","",N,HU
2357,VIS,"137","",N,HU
2358,VIS,"125GS","",N,HU
2359,VIS,"154GS","",N,HU
2360,MCWP,"40","",N,LS
2361,MCWP,"50","",N,LS
2362,MCWP,"125","",N,LS
2363,WCWP,"10",A,N,LS
2364,WCWP,"10",B,N,LS
2365,WCWP,"100","",N,LS
