"id","entityid","entityname","dept","crsnum","title","term","term_seq","units","grade","course_level","tranafct","approx_flag","approx_course_dept","approx_course_crsnum","term_received","attend_from","attend_to","approx_group_id","approx_group_type","refresh","download_shared_unique_key"
A0000000,OTHRIBAC,International Baccalaureate Examination,IB,HS5,Hist Sc5,SP20,5060,6.0,P,LD,,1,HIST,4,,,,HS0610,S,2025-12-30,A0000000-OTHRIBAC-IB-HS5-HIST-4
A0000000,OTHRIBAC,International Baccalaureate Examination,IB,LG5,Lang Sc5,SP21,5120,6.0,P,LD,,0,,,,,,0000,,2025-12-30,A0000000-OTHRIBAC-IB-LG5
A0000000,OTHRIBAC,International Baccalaureate Examination,IB,PS5,Psych Sc5,FA20,5080,6.0,P,LD,,1,PSYC,1a,,,,PS0610,S,2025-12-30,A0000000-OTHRIBAC-IB-PS5-PSYC-1
A0000000,OTHRIBAC,International Baccalaureate Examination,IB,PS5,Psych Sc5,FA20,5080,6.0,P,LD,,1,PSYC,1b,,,,PS0610,S,2025-12-30,A0000000-OTHRIBAC-IB-PS5-PSYC-1
A0000000,OTHRIBAC,International Baccalaureate Examination,IB,PS5,Psych Sc5,FA20,5080,6.0,P,LD,,1,PSYC,1c,,,,PS0610,S,2025-12-30,A0000000-OTHRIBAC-IB-PS5-PSYC-1
A0000000,OTHRIBAC,International Baccalaureate Examination,IB,AR5,Art Sc5,SP21,5120,6.0,P,LD,,0,,,,,,0000,,2025-12-30,A0000000-OTHRIBAC-IB-AR5
A0000000,OTHRIBAC,International Baccalaureate Examination,IB,BI5,Bio Sc5,FA18,4980,8.0,P,LD,,1,BILD,10,,,,BI0810,S,2025-12-30,A0000000-OTHRIBAC-IB-BI5-BILD-10
A0000003,OTHRIBAC,International Baccalaureate Examination,IB,MU5,Music Sc5,SP18,4960,6.0,P,LD,,0,,,,,,0000,,2025-12-06,A0000003-OTHRIBAC-IB-MU5
A0000003,OTHRIBAC,International Baccalaureate Examination,IB,HS5,Hist Sc5,WI18,4950,6.0,P,LD,,1,HIST,4,,,,HS0610,S,2025-12-06,A0000003-OTHRIBAC-IB-HS5-HIST-4
A0000003,OTHRIBAC,International Baccalaureate Examination,IB,BI5,Bio Sc5,WI18,4950,8.0,P,LD,,1,BILD,10,,,,BI0810,S,2025-12-06,A0000003-OTHRIBAC-IB-BI5-BILD-10
A0000004,OTHRIBAC,International Baccalaureate Examination,IB,SP5,Span Sc5,FA19,5040,6.0,P,LD,,1,LISP,1A,,,,SP0610,S,2025-12-18,A0000004-OTHRIBAC-IB-SP5-LISP-1A
A0000004,OTHRIBAC,International Baccalaureate Examination,IB,CS5,Comp Sci5,SP20,5060,6.0,P,LD,,1,CSE,11,,,,CS0610,S,2025-12-18,A0000004-OTHRIBAC-IB-CS5-CSE-11
A0000004,OTHRIBAC,International Baccalaureate Examination,IB,AR5,Art Sc5,SP19,5020,6.0,P,LD,,0,,,,,,0000,,2025-12-18,A0000004-OTHRIBAC-IB-AR5
A0000004,OTHRIBAC,International Baccalaureate Examination,IB,LG5,Lang Sc5,FA18,4980,6.0,P,LD,,0,,,,,,0000,,2025-12-18,A0000004-OTHRIBAC-IB-LG5
A0000005,OTHRIBAC,International Baccalaureate Examination,IB,BI5,Bio Sc5,SP18,4960,8.0,P,LD,,1,BILD,10,,,,BI0810,S,2025-12-25,A0000005-OTHRIBAC-IB-BI5-BILD-10
A0000005,OTHRIBAC,International Baccalaureate Examination,IB,EC5,Econ Sc5,FA20,5080,6.0,P,LD,,1,ECON,1,,,,EC0610,S,2025-12-25,A0000005-OTHRIBAC-IB-EC5-ECON-1
A0000005,OTHRIBAC,International Baccalaureate Examination,IB,EN5,Engl A1,WI18,4950,6.0,P,LD,,1,LTEN,21,,,,EN0610,S,2025-12-25,A0000005-OTHRIBAC-IB-EN5-LTEN-21
A0000005,OTHRIBAC,International Baccalaureate Examination,IB,PS5,Psych Sc5,SP19,5020,6.0,P,LD,,1,PSYC,1,,,,PS0610,S,2025-12-25,A0000005-OTHRIBAC-IB-PS5-PSYC-1
A0000006,OTHRIBAC,International Baccalaureate Examination,IB,EC5,Econ Sc5,SP21,5120,6.0,P,LD,,1,ECON,1,,,,EC0610,S,2025-12-28,A0000006-OTHRIBAC-IB-EC5-ECON-1
A0000006,OTHRIBAC,International Baccalaureate Examination,IB,LG5,Lang Sc5,FA20,5080,6.0,P,LD,,0,,,,,,0000,,2025-12-28,A0000006-OTHRIBAC-IB-LG5
A0000006,OTHRIBAC,International Baccalaureate Examination,IB,BI5,Bio Sc5,SP20,5060,8.0,P,LD,,1,BILD,10,,,,BI0810,S,2025-12-28,A0000006-OTHRIBAC-IB-BI5-BILD-10
A0000006,OTHRIBAC,International Baccalaureate Examination,IB,MU5,Music Sc5,FA20,5080,6.0,P,LD,,0,,,,,,0000,,2025-12-28,A0000006-OTHRIBAC-IB-MU5
A0000006,OTHRIBAC,International Baccalaureate Examination,IB,EN5,Engl A1,FA18,4980,6.0,P,LD,,1,LTEN,21,,,,EN0610,S,2025-12-28,A0000006-OTHRIBAC-IB-EN5-LTEN-21
A0000007,OTHRIBAC,International Baccalaureate Examination,IB,SP5,Span Sc5,SP19,5020,6.0,P,LD,,1,LISP,1A,,,,SP0610,S,2025-12-12,A0000007-OTHRIBAC-IB-SP5-LISP-1A
A0000007,OTHRIBAC,International Baccalaureate Examination,IB,MU5,Music Sc5,SP19,5020,6.0,P,LD,,0,,,,,,0000,,2025-12-12,A0000007-OTHRIBAC-IB-MU5
A0000007,OTHRIBAC,International Baccalaureate Examination,IB,HS5,Hist Sc5,WI18,4950,6.0,P,LD,,1,HIST,4,,,,HS0610,S,2025-12-12,A0000007-OTHRIBAC-IB-HS5-HIST-4
A0000007,OTHRIBAC,International Baccalaureate Examination,IB,BI5,Bio Sc5,SP18,4960,8.0,P,LD,,1,BILD,10,,,,BI0810,S,2025-12-12,A0000007-OTHRIBAC-IB-BI5-BILD-10
A0000008,OTHRIBAC,International Baccalaureate Examination,IB,EN5,Engl A1,SP20,5060,6.0,P,LD,,1,LTEN,21,,,,EN0610,S,2026-01-04,A0000008-OTHRIBAC-IB-EN5-LTEN-21
A0000009,OTHRIBAC,International Baccalaureate Examination,IB,LG5,Lang Sc5,SP20,5060,6.0,P,LD,,0,,,,,,0000,,2025-11-29,A0000009-OTHRIBAC-IB-LG5
A0000009,OTHRIBAC,International Baccalaureate Examination,IB,PH5,Phys Sc5,SP21,5120,8.0,P,LD,,1,PHYS,2A,,,,PH0810,S,2025-11-29,A0000009-OTHRIBAC-IB-PH5-PHYS-2A
A0000009,OTHRIBAC,International Baccalaureate Examination,IB,CS5,Comp Sci5,FA19,5040,6.0,P,LD,,1,CSE,11,,,,CS0610,S,2025-11-29,A0000009-OTHRIBAC-IB-CS5-CSE-11
A0000009,OTHRIBAC,International Baccalaureate Examination,IB,EC5,Econ Sc5,FA21,5140,6.0,P,LD,,1,ECON,1,,,,EC0610,S,2025-11-29,A0000009-OTHRIBAC-IB-EC5-ECON-1
A0000010,OTHRIBAC,International Baccalaureate Examination,IB,EN5,Engl A1,FA17,4940,6.0,P,LD,,1,LTEN,21,,,,EN0610,S,2025-11-22,A0000010-OTHRIBAC-IB-EN5-LTEN-21
A0000010,OTHRIBAC,International Baccalaureate Examination,IB,HS5,Hist Sc5,FA20,5080,6.0,P,LD,,1,HIST,4,,,,HS0610,S,2025-11-22,A0000010-OTHRIBAC-IB-HS5-HIST-4
A0000010,OTHRIBAC,International Baccalaureate Examination,IB,CS5,Comp Sci5,FA17,4940,6.0,P,LD,,1,CSE,11,,,,CS0610,S,2025-11-22,A0000010-OTHRIBAC-IB-CS5-CSE-11
A0000010,OTHRIBAC,International Baccalaureate Examination,IB,PH5,Phys Sc5,SP18,4960,8.0,P,LD,,1,PHYS,2A,,,,PH0810,S,2025-11-22,A0000010-OTHRIBAC-IB-PH5-PHYS-2A
A0000011,OTHRIBAC,International Baccalaureate Examination,IB,MA5,Math Sc5,FA21,5140,8.0,P,LD,,1,MATH,20C,,,,MA0810,S,2025-11-16,A0000011-OTHRIBAC-IB-MA5-MATH-20C
A0000011,OTHRIBAC,International Baccalaureate Examination,IB,EC5,Econ Sc5,FA18,4980,6.0,P,LD,,1,ECON,1,,,,EC0610,S,2025-11-16,A0000011-OTHRIBAC-IB-EC5-ECON-1
A0000011,OTHRIBAC,International Baccalaureate Examination,IB,MU5,Music Sc5,SP18,4960,6.0,P,LD,,0,,,,,,0000,,2025-11-16,A0000011-OTHRIBAC-IB-MU5
A0000011,OTHRIBAC,International Baccalaureate Examination,IB,CH5,Chem Sc5,FA18,4980,8.0,P,LD,,1,CHEM,6A,,,,CH0810,S,2025-11-16,A0000011-OTHRIBAC-IB-CH5-CHEM-6A
A0000011,OTHRIBAC,International Baccalaureate Examination,IB,SP5,Span Sc5,FA17,4940,6.0,P,LD,,1,LISP,1A,,,,SP0610,S,2025-11-16,A0000011-OTHRIBAC-IB-SP5-LISP-1A
A0000012,OTHRIBAC,International Baccalaureate Examination,IB,PS5,Psych Sc5,FA17,4940,6.0,P,LD,,1,PSYC,1,,,,PS0610,S,2025-12-30,A0000012-OTHRIBAC-IB-PS5-PSYC-1
A0000012,OTHRIBAC,International Baccalaureate Examination,IB,AR5,Art Sc5,SP21,5120,6.0,P,LD,,0,,,,,,0000,,2025-12-30,A0000012-OTHRIBAC-IB-AR5
A0000012,OTHRIBAC,International Baccalaureate Examination,IB,LG5,Lang Sc5,FA17,4940,6.0,P,LD,,0,,,,,,0000,,2025-12-30,A0000012-OTHRIBAC-IB-LG5
A0000014,OTHRIBAC,International Baccalaureate Examination,IB,EC5,Econ Sc5,FA19,5040,6.0,P,LD,,1,ECON,1,,,,EC0610,S,2025-11-22,A0000014-OTHRIBAC-IB-EC5-ECON-1
A0000015,OTHRIBAC,International Baccalaureate Examination,IB,PS5,Psych Sc5,SP19,5020,6.0,P,LD,,1,PSYC,1,,,,PS0610,S,2025-12-15,A0000015-OTHRIBAC-IB-PS5-PSYC-1
A0000015,OTHRIBAC,International Baccalaureate Examination,IB,BI5,Bio Sc5,SP21,5120,8.0,P,LD,,1,BILD,10,,,,BI0810,S,2025-12-15,A0000015-OTHRIBAC-IB-BI5-BILD-10
A0000015,OTHRIBAC,International Baccalaureate Examination,IB,SP5,Span Sc5,SP21,5120,6.0,P,LD,,1,LISP,1A,,,,SP0610,S,2025-12-15,A0000015-OTHRIBAC-IB-SP5-LISP-1A
A0000015,OTHRIBAC,International Baccalaureate Examination,IB,CS5,Comp Sci5,SP18,4960,6.0,P,LD,,1,CSE,11,,,,CS0610,S,2025-12-15,A0000015-OTHRIBAC-IB-CS5-CSE-11
A0000015,OTHRIBAC,International Baccalaureate Examination,IB,EN5,Engl A1,SP21,5120,6.0,P,LD,,1,LTEN,21,,,,EN0610,S,2025-12-15,A0000015-OTHRIBAC-IB-EN5-LTEN-21
A0000016,OTHRIBAC,International Baccalaureate Examination,IB,CS5,Comp Sci5,FA20,5080,6.0,P,LD,,1,CSE,11,,,,CS0610,S,2025-12-20,A0000016-OTHRIBAC-IB-CS5-CSE-11
A0000016,OTHRIBAC,International Baccalaureate Examination,IB,EN5,Engl A1,SP20,5060,6.0,P,LD,,1,LTEN,21,,,,EN0610,S,2025-12-20,A0000016-OTHRIBAC-IB-EN5-LTEN-21
A0000016,OTHRIBAC,International Baccalaureate Examination,IB,BI5,Bio Sc5,SP19,5020,8.0,P,LD,,1,BILD,10,,,,BI0810,S,2025-12-20,A0000016-OTHRIBAC-IB-BI5-BILD-10
A0000016,OTHRIBAC,International Baccalaureate Examination,IB,LG5,Lang Sc5,WI18,4950,6.0,P,LD,,0,,,,,,0000,,2025-12-20,A0000016-OTHRIBAC-IB-LG5
A0000017,OTHRIBAC,International Baccalaureate Examination,IB,CH5,Chem Sc5,SP19,5020,8.0,P,LD,,1,CHEM,6A,,,,CH0810,S,2025-12-06,A0000017-OTHRIBAC-IB-CH5-CHEM-6A
A0000018,OTHRIBAC,International Baccalaureate Examination,IB,AR5,Art Sc5,FA17,4940,6.0,P,LD,,0,,,,,,0000,,2025-12-13,A0000018-OTHRIBAC-IB-AR5
A0000018,OTHRIBAC,International Baccalaureate Examination,IB,MA5,Math Sc5,FA21,5140,8.0,P,LD,,1,MATH,20C,,,,MA0810,S,2025-12-13,A0000018-OTHRIBAC-IB-MA5-MATH-20C
A0000018,OTHRIBAC,International Baccalaureate Examination,IB,PH5,Phys Sc5,FA19,5040,8.0,P,LD,,1,PHYS,2A,,,,PH0810,S,2025-12-13,A0000018-OTHRIBAC-IB-PH5-PHYS-2A
A0000018,OTHRIBAC,International Baccalaureate Examination,IB,HS5,Hist Sc5,SP21,5120,6.0,P,LD,,1,HIST,4,,,,HS0610,S,2025-12-13,A0000018-OTHRIBAC-IB-HS5-HIST-4
A0000018,OTHRIBAC,International Baccalaureate Examination,IB,EN5,Engl A1,SP19,5020,6.0,P,LD,,1,LTEN,21,,,,EN0610,S,2025-12-13,A0000018-OTHRIBAC-IB-EN5-LTEN-21
A0000019,OTHRIBAC,International Baccalaureate Examination,IB,CS5,Comp Sci5,SP20,5060,6.0,P,LD,,1,CSE,11,,,,CS0610,S,2025-11-19,A0000019-OTHRIBAC-IB-CS5-CSE-11
A0000019,OTHRIBAC,International Baccalaureate Examination,IB,CH5,Chem Sc5,SP20,5060,8.0,P,LD,,1,CHEM,6A,,,,CH0810,S,2025-11-19,A0000019-OTHRIBAC-IB-CH5-CHEM-6A
A0000021,OTHRIBAC,International Baccalaureate Examination,IB,AR5,Art Sc5,FA20,5080,6.0,P,LD,,0,,,,,,0000,,2025-11-29,A0000021-OTHRIBAC-IB-AR5
A0000021,OTHRIBAC,International Baccalaureate Examination,IB,CH5,Chem Sc5,SP19,5020,8.0,P,LD,,1,CHEM,6A,,,,CH0810,S,2025-11-29,A0000021-OTHRIBAC-IB-CH5-CHEM-6A
A0000021,OTHRIBAC,International Baccalaureate Examination,IB,PH5,Phys Sc5,SP19,5020,8.0,P,LD,,1,PHYS,2A,,,,PH0810,S,2025-11-29,A0000021-OTHRIBAC-IB-PH5-PHYS-2A
A0000021,OTHRIBAC,International Baccalaureate Examination,IB,EN5,Engl A1,SP21,5120,6.0,P,LD,,1,LTEN,21,,,,EN0610,S,2025-11-29,A0000021-OTHRIBAC-IB-EN5-LTEN-21
A0000022,OTHRIBAC,International Baccalaureate Examination,IB,AR5,Art Sc5,SP20,5060,6.0,P,LD,,0,,,,,,0000,,2025-11-14,A0000022-OTHRIBAC-IB-AR5
A0000023,OTHRIBAC,International Baccalaureate Examination,IB,AR5,Art Sc5,FA17,4940,6.0,P,LD,,0,,,,,,0000,,2025-12-23,A0000023-OTHRIBAC-IB-AR5
A0000024,OTHRIBAC,International Baccalaureate Examination,IB,MA5,Math Sc5,FA19,5040,8.0,P,LD,,1,MATH,20C,,,,MA0810,S,2025-11-17,A0000024-OTHRIBAC-IB-MA5-MATH-20C
A0000025,OTHRIBAC,International Baccalaureate Examination,IB,BI5,Bio Sc5,FA21,5140,8.0,P,LD,,1,BILD,10,,,,BI0810,S,2025-11-19,A0000025-OTHRIBAC-IB-BI5-BILD-10
A0000025,OTHRIBAC,International Baccalaureate Examination,IB,HS5,Hist Sc5,FA17,4940,6.0,P,LD,,1,HIST,4,,,,HS0610,S,2025-11-19,A0000025-OTHRIBAC-IB-HS5-HIST-4
A0000025,OTHRIBAC,International Baccalaureate Examination,IB,LG5,Lang Sc5,SP18,4960,6.0,P,LD,,0,,,,,,0000,,2025-11-19,A0000025-OTHRIBAC-IB-LG5
A0000025,OTHRIBAC,International Baccalaureate Examination,IB,PH5,Phys Sc5,FA20,5080,8.0,P,LD,,1,PHYS,2A,,,,PH0810,S,2025-11-19,A0000025-OTHRIBAC-IB-PH5-PHYS-2A
A0000025,OTHRIBAC,International Baccalaureate Examination,IB,MU5,Music Sc5,FA19,5040,6.0,P,LD,,0,,,,,,0000,,2025-11-19,A0000025-OTHRIBAC-IB-MU5
A0000026,OTHRIBAC,International Baccalaureate Examination,IB,AR5,Art Sc5,SP21,5120,6.0,P,LD,,0,,,,,,0000,,2025-12-13,A0000026-OTHRIBAC-IB-AR5
A0000027,OTHRIBAC,International Baccalaureate Examination,IB,LG5,Lang Sc5,SP21,5120,6.0,P,LD,,0,,,,,,0000,,2025-11-13,A0000027-OTHRIBAC-IB-LG5
A0000027,OTHRIBAC,International Baccalaureate Examination,IB,SP5,Span Sc5,SP21,5120,6.0,P,LD,,1,LISP,1A,,,,SP0610,S,2025-11-13,A0000027-OTHRIBAC-IB-SP5-LISP-1A
A0000027,OTHRIBAC,International Baccalaureate Examination,IB,PH5,Phys Sc5,FA20,5080,8.0,P,LD,,1,PHYS,2A,,,,PH0810,S,2025-11-13,A0000027-OTHRIBAC-IB-PH5-PHYS-2A
A0000027,OTHRIBAC,International Baccalaureate Examination,IB,EC5,Econ Sc5,FA18,4980,6.0,P,LD,,1,ECON,1,,,,EC0610,S,2025-11-13,A0000027-OTHRIBAC-IB-EC5-ECON-1
A0000027,OTHRIBAC,International Baccalaureate Examination,IB,AR5,Art Sc5,FA17,4940,6.0,P,LD,,0,,,,,,0000,,2025-11-13,A0000027-OTHRIBAC-IB-AR5
A0000028,OTHRIBAC,International Baccalaureate Examination,IB,EC5,Econ Sc5,SP20,5060,6.0,P,LD,,1,ECON,1,,,,EC0610,S,2025-12-21,A0000028-OTHRIBAC-IB-EC5-ECON-1
A0000028,OTHRIBAC,International Baccalaureate Examination,IB,PS5,Psych Sc5,FA17,4940,6.0,P,LD,,1,PSYC,1,,,,PS0610,S,2025-12-21,A0000028-OTHRIBAC-IB-PS5-PSYC-1
A0000028,OTHRIBAC,International Baccalaureate Examination,IB,BI5,Bio Sc5,FA19,5040,8.0,P,LD,,1,BILD,10,,,,BI0810,S,2025-12-21,A0000028-OTHRIBAC-IB-BI5-BILD-10
A0000028,OTHRIBAC,International Baccalaureate Examination,IB,MU5,Music Sc5,SP20,5060,6.0,P,LD,,0,,,,,,0000,,2025-12-21,A0000028-OTHRIBAC-IB-MU5
A0000028,OTHRIBAC,International Baccalaureate Examination,IB,PH5,Phys Sc5,FA21,5140,8.0,P,LD,,1,PHYS,2A,,,,PH0810,S,2025-12-21,A0000028-OTHRIBAC-IB-PH5-PHYS-2A
A0000029,OTHRIBAC,International Baccalaureate Examination,IB,PS5,Psych Sc5,SP21,5120,6.0,P,LD,,1,PSYC,1,,,,PS0610,S,2025-12-10,A0000029-OTHRIBAC-IB-PS5-PSYC-1
A0000029,OTHRIBAC,International Baccalaureate Examination,IB,HS5,Hist Sc5,FA21,5140,6.0,P,LD,,1,HIST,4,,,,HS0610,S,2025-12-10,A0000029-OTHRIBAC-IB-HS5-HIST-4
A0000029,OTHRIBAC,International Baccalaureate Examination,IB,MA5,Math Sc5,SP19,5020,8.0,P,LD,,1,MATH,20C,,,,MA0810,S,2025-12-10,A0000029-OTHRIBAC-IB-MA5-MATH-20C
A0000030,OTHRIBAC,International Baccalaureate Examination,IB,EN5,Engl A1,FA19,5040,6.0,P,LD,,1,LTEN,21,,,,EN0610,S,2025-12-25,A0000030-OTHRIBAC-IB-EN5-LTEN-21
A0000030,OTHRIBAC,International Baccalaureate Examination,IB,EC5,Econ Sc5,FA17,4940,6.0,P,LD,,1,ECON,1,,,,EC0610,S,2025-12-25,A0000030-OTHRIBAC-IB-EC5-ECON-1
A0000030,OTHRIBAC,International Baccalaureate Examination,IB,LG5,Lang Sc5,SP19,5020,6.0,P,LD,,0,,,,,,0000,,2025-12-25,A0000030-OTHRIBAC-IB-LG5
A0000031,OTHRIBAC,International Baccalaureate Examination,IB,PH5,Phys Sc5,FA21,5140,8.0,P,LD,,1,PHYS,2A,,,,PH0810,S,2025-12-19,A0000031-OTHRIBAC-IB-PH5-PHYS-2A
A0000031,OTHRIBAC,International Baccalaureate Examination,IB,BI5,Bio Sc5,FA17,4940,8.0,P,LD,,1,BILD,10,,,,BI0810,S,2025-12-19,A0000031-OTHRIBAC-IB-BI5-BILD-10
A0000034,OTHRIBAC,International Baccalaureate Examination,IB,HS5,Hist Sc5,FA19,5040,6.0,P,LD,,1,HIST,4,,,,HS0610,S,2026-01-11,A0000034-OTHRIBAC-IB-HS5-HIST-4
A0000034,OTHRIBAC,International Baccalaureate Examination,IB,EN5,Engl A1,FA20,5080,6.0,P,LD,,1,LTEN,21,,,,EN0610,S,2026-01-11,A0000034-OTHRIBAC-IB-EN5-LTEN-21
A0000034,OTHRIBAC,International Baccalaureate Examination,IB,AR5,Art Sc5,FA18,4980,6.0,P,LD,,0,,,,,,0000,,2026-01-11,A0000034-OTHRIBAC-IB-AR5
A0000035,OTHRIBAC,International Baccalaureate Examination,IB,LG5,Lang Sc5,FA19,5040,6.0,P,LD,,0,,,,,,0000,,2025-12-13,A0000035-OTHRIBAC-IB-LG5
A0000035,OTHRIBAC,International Baccalaureate Examination,IB,CS5,Comp Sci5,FA17,4940,6.0,P,LD,,1,CSE,11,,,,CS0610,S,2025-12-13,A0000035-OTHRIBAC-IB-CS5-CSE-11
A0000036,OTHRIBAC,International Baccalaureate Examination,IB,CS5,Comp Sci5,SP19,5020,6.0,P,LD,,1,CSE,11,,,,CS0610,S,2025-11-20,A0000036-OTHRIBAC-IB-CS5-CSE-11
A0000037,OTHRIBAC,International Baccalaureate Examination,IB,HS5,Hist Sc5,FA19,5040,6.0,P,LD,,1,HIST,4,,,,HS0610,S,2025-12-08,A0000037-OTHRIBAC-IB-HS5-HIST-4
A0000037,OTHRIBAC,International Baccalaureate Examination,IB,LG5,Lang Sc5,FA21,5140,6.0,P,LD,,0,,,,,,0000,,2025-12-08,A0000037-OTHRIBAC-IB-LG5
A0000037,OTHRIBAC,International Baccalaureate Examination,IB,EN5,Engl A1,FA18,4980,6.0,P,LD,,1,LTEN,21,,,,EN0610,S,2025-12-08,A0000037-OTHRIBAC-IB-EN5-LTEN-21
A0000037,OTHRIBAC,International Baccalaureate Examination,IB,EC5,Econ Sc5,FA17,4940,6.0,P,LD,,1,ECON,1,,,,EC0610,S,2025-12-08,A0000037-OTHRIBAC-IB-EC5-ECON-1
A0000037,OTHRIBAC,International Baccalaureate Examination,IB,SP5,Span Sc5,FA20,5080,6.0,P,LD,,1,LISP,1A,,,,SP0610,S,2025-12-08,A0000037-OTHRIBAC-IB-SP5-LISP-1A
A0000038,OTHRIBAC,International Baccalaureate Examination,IB,PH5,Phys Sc5,SP20,5060,8.0,P,LD,,1,PHYS,2A,,,,PH0810,S,2025-12-07,A0000038-OTHRIBAC-IB-PH5-PHYS-2A
A0000038,OTHRIBAC,International Baccalaureate Examination,IB,CH5,Chem Sc5,FA20,5080,8.0,P,LD,,1,CHEM,6A,,,,CH0810,S,2025-12-07,A0000038-OTHRIBAC-IB-CH5-CHEM-6A
A0000038,OTHRIBAC,International Baccalaureate Examination,IB,CS5,Comp Sci5,SP20,5060,6.0,P,LD,,1,CSE,11,,,,CS0610,S,2025-12-07,A0000038-OTHRIBAC-IB-CS5-CSE-11
A0000039,OTHRIBAC,International Baccalaureate Examination,IB,SP5,Span Sc5,SP19,5020,6.0,P,LD,,1,LISP,1A,,,,SP0610,S,2025-11-28,A0000039-OTHRIBAC-IB-SP5-LISP-1A
A0000039,OTHRIBAC,International Baccalaureate Examination,IB,CS5,Comp Sci5,SP21,5120,6.0,P,LD,,1,CSE,11,,,,CS0610,S,2025-11-28,A0000039-OTHRIBAC-IB-CS5-CSE-11
A0000039,OTHRIBAC,International Baccalaureate Examination,IB,CH5,Chem Sc5,FA18,4980,8.0,P,LD,,1,CHEM,6A,,,,CH0810,S,2025-11-28,A0000039-OTHRIBAC-IB-CH5-CHEM-6A
A0000039,OTHRIBAC,International Baccalaureate Examination,IB,EN5,Engl A1,FA21,5140,6.0,P,LD,,1,LTEN,21,,,,EN0610,S,2025-11-28,A0000039-OTHRIBAC-IB-EN5-LTEN-21
A0000039,OTHRIBAC,International Baccalaureate Examination,IB,AR5,Art Sc5,FA17,4940,6.0,P,LD,,0,,,,,,0000,,2025-11-28,A0000039-OTHRIBAC-IB-AR5
A0000040,OTHRIBAC,International Baccalaureate Examination,IB,PH5,Phys Sc5,FA21,5140,8.0,P,LD,,1,PHYS,2A,,,,PH0810,S,2025-12-10,A0000040-OTHRIBAC-IB-PH5-PHYS-2A
A0000040,OTHRIBAC,International Baccalaureate Examination,IB,MA5,Math Sc5,FA20,5080,8.0,P,LD,,1,MATH,20C,,,,MA0810,S,2025-12-10,A0000040-OTHRIBAC-IB-MA5-MATH-20C
A0000041,OTHRIBAC,International Baccalaureate Examination,IB,CH5,Chem Sc5,SP18,4960,8.0,P,LD,,1,CHEM,6A,,,,CH0810,S,2026-01-01,A0000041-OTHRIBAC-IB-CH5-CHEM-6A
A0000041,OTHRIBAC,International Baccalaureate Examination,IB,SP5,Span Sc5,SP21,5120,6.0,P,LD,,1,LISP,1A,,,,SP0610,S,2026-01-01,A0000041-OTHRIBAC-IB-SP5-LISP-1A
A0000041,OTHRIBAC,International Baccalaureate Examination,IB,CS5,Comp Sci5,FA19,5040,6.0,P,LD,,1,CSE,11,,,,CS0610,S,2026-01-01,A0000041-OTHRIBAC-IB-CS5-CSE-11
A0000042,OTHRIBAC,International Baccalaureate Examination,IB,BI5,Bio Sc5,FA17,4940,8.0,P,LD,,1,BILD,10,,,,BI0810,S,2026-01-02,A0000042-OTHRIBAC-IB-BI5-BILD-10
A0000042,OTHRIBAC,International Baccalaureate Examination,IB,HS5,Hist Sc5,SP20,5060,6.0,P,LD,,1,HIST,4,,,,HS0610,S,2026-01-02,A0000042-OTHRIBAC-IB-HS5-HIST-4
A0000044,OTHRIBAC,International Baccalaureate Examination,IB,EC5,Econ Sc5,FA18,4980,6.0,P,LD,,1,ECON,1,,,,EC0610,S,2026-01-03,A0000044-OTHRIBAC-IB-EC5-ECON-1
A0000044,OTHRIBAC,International Baccalaureate Examination,IB,PH5,Phys Sc5,SP20,5060,8.0,P,LD,,1,PHYS,2A,,,,PH0810,S,2026-01-03,A0000044-OTHRIBAC-IB-PH5-PHYS-2A
A0000044,OTHRIBAC,International Baccalaureate Examination,IB,BI5,Bio Sc5,FA17,4940,8.0,P,LD,,1,BILD,10,,,,BI0810,S,2026-01-03,A0000044-OTHRIBAC-IB-BI5-BILD-10
A0000044,OTHRIBAC,International Baccalaureate Examination,IB,EN5,Engl A1,FA20,5080,6.0,P,LD,,1,LTEN,21,,,,EN0610,S,2026-01-03,A0000044-OTHRIBAC-IB-EN5-LTEN-21
A0000045,OTHRIBAC,International Baccalaureate Examination,IB,LG5,Lang Sc5,FA21,5140,6.0,P,LD,,0,,,,,,0000,,2026-01-11,A0000045-OTHRIBAC-IB-LG5
A0000049,OTHRIBAC,International Baccalaureate Examination,IB,BI5,Bio Sc5,FA17,4940,8.0,P,LD,,1,BILD,10,,,,BI0810,S,2026-01-07,A0000049-OTHRIBAC-IB-BI5-BILD-10
A0000049,OTHRIBAC,International Baccalaureate Examination,IB,EC5,Econ Sc5,SP19,5020,6.0,P,LD,,1,ECON,1,,,,EC0610,S,2026-01-07,A0000049-OTHRIBAC-IB-EC5-ECON-1
A0000049,OTHRIBAC,International Baccalaureate Examination,IB,CS5,Comp Sci5,FA19,5040,6.0,P,LD,,1,CSE,11,,,,CS0610,S,2026-01-07,A0000049-OTHRIBAC-IB-CS5-CSE-11
A0000049,OTHRIBAC,International Baccalaureate Examination,IB,CH5,Chem Sc5,FA18,4980,8.0,P,LD,,1,CHEM,6A,,,,CH0810,S,2026-01-07,A0000049-OTHRIBAC-IB-CH5-CHEM-6A
A0000049,OTHRIBAC,International Baccalaureate Examination,IB,MU5,Music Sc5,SP19,5020,6.0,P,LD,,0,,,,,,0000,,2026-01-07,A0000049-OTHRIBAC-IB-MU5
A0000050,OTHRIBAC,International Baccalaureate Examination,IB,HS5,Hist Sc5,SP19,5020,6.0,P,LD,,1,HIST,4,,,,HS0610,S,2025-12-07,A0000050-OTHRIBAC-IB-HS5-HIST-4
A0000050,OTHRIBAC,International Baccalaureate Examination,IB,MA5,Math Sc5,FA21,5140,8.0,P,LD,,1,MATH,20C,,,,MA0810,S,2025-12-07,A0000050-OTHRIBAC-IB-MA5-MATH-20C
A0000050,OTHRIBAC,International Baccalaureate Examination,IB,CS5,Comp Sci5,FA19,5040,6.0,P,LD,,1,CSE,11,,,,CS0610,S,2025-12-07,A0000050-OTHRIBAC-IB-CS5-CSE-11
A0000050,OTHRIBAC,International Baccalaureate Examination,IB,CH5,Chem Sc5,FA20,5080,8.0,P,LD,,1,CHEM,6A,,,,CH0810,S,2025-12-07,A0000050-OTHRIBAC-IB-CH5-CHEM-6A
A0000050,OTHRIBAC,International Baccalaureate Examination,IB,PS5,Psych Sc5,FA21,5140,6.0,P,LD,,1,PSYC,1,,,,PS0610,S,2025-12-07,A0000050-OTHRIBAC-IB-PS5-PSYC-1
A0000052,OTHRIBAC,International Baccalaureate Examination,IB,MU5,Music Sc5,SP18,4960,6.0,P,LD,,0,,,,,,0000,,2025-11-23,A0000052-OTHRIBAC-IB-MU5
A0000052,OTHRIBAC,International Baccalaureate Examination,IB,PH5,Phys Sc5,SP21,5120,8.0,P,LD,,1,PHYS,2A,,,,PH0810,S,2025-11-23,A0000052-OTHRIBAC-IB-PH5-PHYS-2A
A0000052,OTHRIBAC,International Baccalaureate Examination,IB,HS5,Hist Sc5,FA20,5080,6.0,P,LD,,1,HIST,4,,,,HS0610,S,2025-11-23,A0000052-OTHRIBAC-IB-HS5-HIST-4
A0000052,OTHRIBAC,International Baccalaureate Examination,IB,EC5,Econ Sc5,WI18,4950,6.0,P,LD,,1,ECON,1,,,,EC0610,S,2025-11-23,A0000052-OTHRIBAC-IB-EC5-ECON-1
A0000052,OTHRIBAC,International Baccalaureate Examination,IB,CH5,Chem Sc5,FA18,4980,8.0,P,LD,,1,CHEM,6A,,,,CH0810,S,2025-11-23,A0000052-OTHRIBAC-IB-CH5-CHEM-6A
A0000053,OTHRIBAC,International Baccalaureate Examination,IB,CS5,Comp Sci5,SP21,5120,6.0,P,LD,,1,CSE,11,,,,CS0610,S,2025-11-16,A0000053-OTHRIBAC-IB-CS5-CSE-11
A0000053,OTHRIBAC,International Baccalaureate Examination,IB,EC5,Econ Sc5,WI18,4950,6.0,P,LD,,1,ECON,1,,,,EC0610,S,2025-11-16,A0000053-OTHRIBAC-IB-EC5-ECON-1
A0000053,OTHRIBAC,International Baccalaureate Examination,IB,LG5,Lang Sc5,SP21,5120,6.0,P,LD,,0,,,,,,0000,,2025-11-16,A0000053-OTHRIBAC-IB-LG5
A0000053,OTHRIBAC,International Baccalaureate Examination,IB,MA5,Math Sc5,FA19,5040,8.0,P,LD,,1,MATH,20C,,,,MA0810,S,2025-11-16,A0000053-OTHRIBAC-IB-MA5-MATH-20C
A0000053,OTHRIBAC,International Baccalaureate Examination,IB,MU5,Music Sc5,FA17,4940,6.0,P,LD,,0,,,,,,0000,,2025-11-16,A0000053-OTHRIBAC-IB-MU5
A0000054,OTHRIBAC,International Baccalaureate Examination,IB,LG5,Lang Sc5,FA19,5040,6.0,P,LD,,0,,,,,,0000,,2025-11-19,A0000054-OTHRIBAC-IB-LG5
A0000054,OTHRIBAC,International Baccalaureate Examination,IB,PH5,Phys Sc5,WI18,4950,8.0,P,LD,,1,PHYS,2A,,,,PH0810,S,2025-11-19,A0000054-OTHRIBAC-IB-PH5-PHYS-2A
A0000055,OTHRIBAC,International Baccalaureate Examination,IB,MU5,Music Sc5,FA18,4980,6.0,P,LD,,0,,,,,,0000,,2025-11-22,A0000055-OTHRIBAC-IB-MU5
A0000056,OTHRIBAC,International Baccalaureate Examination,IB,HS5,Hist Sc5,FA20,5080,6.0,P,LD,,1,HIST,4,,,,HS0610,S,2025-11-18,A0000056-OTHRIBAC-IB-HS5-HIST-4
A0000057,OTHRIBAC,International Baccalaureate Examination,IB,CS5,Comp Sci5,FA18,4980,6.0,P,LD,,1,CSE,11,,,,CS0610,S,2025-11-26,A0000057-OTHRIBAC-IB-CS5-CSE-11
A0000057,OTHRIBAC,International Baccalaureate Examination,IB,PH5,Phys Sc5,FA19,5040,8.0,P,LD,,1,PHYS,2A,,,,PH0810,S,2025-11-26,A0000057-OTHRIBAC-IB-PH5-PHYS-2A
A0000057,OTHRIBAC,International Baccalaureate Examination,IB,EC5,Econ Sc5,SP19,5020,6.0,P,LD,,1,ECON,1,,,,EC0610,S,2025-11-26,A0000057-OTHRIBAC-IB-EC5-ECON-1
A0000057,OTHRIBAC,International Baccalaureate Examination,IB,MU5,Music Sc5,WI18,4950,6.0,P,LD,,0,,,,,,0000,,2025-11-26,A0000057-OTHRIBAC-IB-MU5
A0000058,OTHRIBAC,International Baccalaureate Examination,IB,PH5,Phys Sc5,FA21,5140,8.0,P,LD,,1,PHYS,2A,,,,PH0810,S,2026-01-11,A0000058-OTHRIBAC-IB-PH5-PHYS-2A
A0000059,OTHRIBAC,International Baccalaureate Examination,IB,BI5,Bio Sc5,WI18,4950,8.0,P,LD,,1,BILD,10,,,,BI0810,S,2026-01-03,A0000059-OTHRIBAC-IB-BI5-BILD-10
A0000061,OTHRIBAC,International Baccalaureate Examination,IB,MU5,Music Sc5,FA18,4980,6.0,P,LD,,0,,,,,,0000,,2025-11-20,A0000061-OTHRIBAC-IB-MU5
A0000061,OTHRIBAC,International Baccalaureate Examination,IB,MA5,Math Sc5,SP20,5060,8.0,P,LD,,1,MATH,20C,,,,MA0810,S,2025-11-20,A0000061-OTHRIBAC-IB-MA5-MATH-20C
A0000061,OTHRIBAC,International Baccalaureate Examination,IB,PS5,Psych Sc5,SP19,5020,6.0,P,LD,,1,PSYC,1,,,,PS0610,S,2025-11-20,A0000061-OTHRIBAC-IB-PS5-PSYC-1
A0000061,OTHRIBAC,International Baccalaureate Examination,IB,BI5,Bio Sc5,SP20,5060,8.0,P,LD,,1,BILD,10,,,,BI0810,S,2025-11-20,A0000061-OTHRIBAC-IB-BI5-BILD-10
A0000061,OTHRIBAC,International Baccalaureate Examination,IB,EN5,Engl A1,FA17,4940,6.0,P,LD,,1,LTEN,21,,,,EN0610,S,2025-11-20,A0000061-OTHRIBAC-IB-EN5-LTEN-21
A0000062,OTHRIBAC,International Baccalaureate Examination,IB,LG5,Lang Sc5,SP19,5020,6.0,P,LD,,0,,,,,,0000,,2025-12-16,A0000062-OTHRIBAC-IB-LG5
A0000063,OTHRIBAC,International Baccalaureate Examination,IB,MA5,Math Sc5,SP21,5120,8.0,P,LD,,1,MATH,20C,,,,MA0810,S,2026-01-02,A0000063-OTHRIBAC-IB-MA5-MATH-20C
A0000063,OTHRIBAC,International Baccalaureate Examination,IB,BI5,Bio Sc5,FA17,4940,8.0,P,LD,,1,BILD,10,,,,BI0810,S,2026-01-02,A0000063-OTHRIBAC-IB-BI5-BILD-10
A0000063,OTHRIBAC,International Baccalaureate Examination,IB,LG5,Lang Sc5,FA18,4980,6.0,P,LD,,0,,,,,,0000,,2026-01-02,A0000063-OTHRIBAC-IB-LG5
A0000063,OTHRIBAC,International Baccalaureate Examination,IB,EN5,Engl A1,SP18,4960,6.0,P,LD,,1,LTEN,21,,,,EN0610,S,2026-01-02,A0000063-OTHRIBAC-IB-EN5-LTEN-21
A0000063,OTHRIBAC,International Baccalaureate Examination,IB,EC5,Econ Sc5,FA19,5040,6.0,P,LD,,1,ECON,1,,,,EC0610,S,2026-01-02,A0000063-OTHRIBAC-IB-EC5-ECON-1
A0000064,OTHRIBAC,International Baccalaureate Examination,IB,MU5,Music Sc5,SP19,5020,6.0,P,LD,,0,,,,,,0000,,2025-12-29,A0000064-OTHRIBAC-IB-MU5
A0000064,OTHRIBAC,International Baccalaureate Examination,IB,AR5,Art Sc5,SP20,5060,6.0,P,LD,,0,,,,,,0000,,2025-12-29,A0000064-OTHRIBAC-IB-AR5
A0000064,OTHRIBAC,International Baccalaureate Examination,IB,SP5,Span Sc5,FA19,5040,6.0,P,LD,,1,LISP,1A,,,,SP0610,S,2025-12-29,A0000064-OTHRIBAC-IB-SP5-LISP-1A
A0000064,OTHRIBAC,International Baccalaureate Examination,IB,PH5,Phys Sc5,WI18,4950,8.0,P,LD,,1,PHYS,2A,,,,PH0810,S,2025-12-29,A0000064-OTHRIBAC-IB-PH5-PHYS-2A
A0000064,OTHRIBAC,International Baccalaureate Examination,IB,MA5,Math Sc5,SP20,5060,8.0,P,LD,,1,MATH,20C,,,,MA0810,S,2025-12-29,A0000064-OTHRIBAC-IB-MA5-MATH-20C
A0000065,OTHRIBAC,International Baccalaureate Examination,IB,EC5,Econ Sc5,SP19,5020,6.0,P,LD,,1,ECON,1,,,,EC0610,S,2025-12-07,A0000065-OTHRIBAC-IB-EC5-ECON-1
A0000065,OTHRIBAC,International Baccalaureate Examination,IB,CS5,Comp Sci5,FA17,4940,6.0,P,LD,,1,CSE,11,,,,CS0610,S,2025-12-07,A0000065-OTHRIBAC-IB-CS5-CSE-11
A0000065,OTHRIBAC,International Baccalaureate Examination,IB,SP5,Span Sc5,FA19,5040,6.0,P,LD,,1,LISP,1A,,,,SP0610,S,2025-12-07,A0000065-OTHRIBAC-IB-SP5-LISP-1A
A0000065,OTHRIBAC,International Baccalaureate Examination,IB,CH5,Chem Sc5,SP21,5120,8.0,P,LD,,1,CHEM,6A,,,,CH0810,S,2025-12-07,A0000065-OTHRIBAC-IB-CH5-CHEM-6A
A0000067,OTHRIBAC,International Baccalaureate Examination,IB,SP5,Span Sc5,FA21,5140,6.0,P,LD,,1,LISP,1A,,,,SP0610,S,2026-01-04,A0000067-OTHRIBAC-IB-SP5-LISP-1A
A0000067,OTHRIBAC,International Baccalaureate Examination,IB,HS5,Hist Sc5,FA21,5140,6.0,P,LD,,1,HIST,4,,,,HS0610,S,2026-01-04,A0000067-OTHRIBAC-IB-HS5-HIST-4
A0000068,OTHRIBAC,International Baccalaureate Examination,IB,EN5,Engl A1,WI18,4950,6.0,P,LD,,1,LTEN,21,,,,EN0610,S,2026-01-10,A0000068-OTHRIBAC-IB-EN5-LTEN-21
A0000069,OTHRIBAC,International Baccalaureate Examination,IB,LG5,Lang Sc5,FA21,5140,6.0,P,LD,,0,,,,,,0000,,2025-12-24,A0000069-OTHRIBAC-IB-LG5
A0000069,OTHRIBAC,International Baccalaureate Examination,IB,MU5,Music Sc5,FA19,5040,6.0,P,LD,,0,,,,,,0000,,2025-12-24,A0000069-OTHRIBAC-IB-MU5
A0000069,OTHRIBAC,International Baccalaureate Examination,IB,PH5,Phys Sc5,FA18,4980,8.0,P,LD,,1,PHYS,2A,,,,PH0810,S,2025-12-24,A0000069-OTHRIBAC-IB-PH5-PHYS-2A
A0000069,OTHRIBAC,International Baccalaureate Examination,IB,EN5,Engl A1,FA19,5040,6.0,P,LD,,1,LTEN,21,,,,EN0610,S,2025-12-24,A0000069-OTHRIBAC-IB-EN5-LTEN-21
A0000070,OTHRIBAC,International Baccalaureate Examination,IB,BI5,Bio Sc5,FA18,4980,8.0,P,LD,,1,BILD,10,,,,BI0810,S,2025-12-16,A0000070-OTHRIBAC-IB-BI5-BILD-10
A0000071,OTHRIBAC,International Baccalaureate Examination,IB,SP5,Span Sc5,FA18,4980,6.0,P,LD,,1,LISP,1A,,,,SP0610,S,2025-12-26,A0000071-OTHRIBAC-IB-SP5-LISP-1A
A0000071,OTHRIBAC,International Baccalaureate Examination,IB,PH5,Phys Sc5,SP20,5060,8.0,P,LD,,1,PHYS,2A,,,,PH0810,S,2025-12-26,A0000071-OTHRIBAC-IB-PH5-PHYS-2A
A0000071,OTHRIBAC,International Baccalaureate Examination,IB,HS5,Hist Sc5,SP20,5060,6.0,P,LD,,1,HIST,4,,,,HS0610,S,2025-12-26,A0000071-OTHRIBAC-IB-HS5-HIST-4
A0000071,OTHRIBAC,International Baccalaureate Examination,IB,AR5,Art Sc5,SP18,4960,6.0,P,LD,,0,,,,,,0000,,2025-12-26,A0000071-OTHRIBAC-IB-AR5
A0000071,OTHRIBAC,International Baccalaureate Examination,IB,EN5,Engl A1,SP20,5060,6.0,P,LD,,1,LTEN,21,,,,EN0610,S,2025-12-26,A0000071-OTHRIBAC-IB-EN5-LTEN-21
A0000072,OTHRIBAC,International Baccalaureate Examination,IB,MA5,Math Sc5,SP19,5020,8.0,P,LD,,1,MATH,20C,,,,MA0810,S,2025-11-25,A0000072-OTHRIBAC-IB-MA5-MATH-20C
A0000072,OTHRIBAC,International Baccalaureate Examination,IB,PH5,Phys Sc5,FA18,4980,8.0,P,LD,,1,PHYS,2A,,,,PH0810,S,2025-11-25,A0000072-OTHRIBAC-IB-PH5-PHYS-2A
A0000072,OTHRIBAC,International Baccalaureate Examination,IB,EN5,Engl A1,FA20,5080,6.0,P,LD,,1,LTEN,21,,,,EN0610,S,2025-11-25,A0000072-OTHRIBAC-IB-EN5-LTEN-21
A0000073,OTHRIBAC,International Baccalaureate Examination,IB,PH5,Phys Sc5,SP18,4960,8.0,P,LD,,1,PHYS,2A,,,,PH0810,S,2026-01-08,A0000073-OTHRIBAC-IB-PH5-PHYS-2A
A0000073,OTHRIBAC,International Baccalaureate Examination,IB,BI5,Bio Sc5,SP18,4960,8.0,P,LD,,1,BILD,10,,,,BI0810,S,2026-01-08,A0000073-OTHRIBAC-IB-BI5-BILD-10
A0000073,OTHRIBAC,International Baccalaureate Examination,IB,LG5,Lang Sc5,FA19,5040,6.0,P,LD,,0,,,,,,0000,,2026-01-08,A0000073-OTHRIBAC-IB-LG5
A0000074,OTHRIBAC,International Baccalaureate Examination,IB,BI5,Bio Sc5,SP21,5120,8.0,P,LD,,1,BILD,10,,,,BI0810,S,2025-11-23,A0000074-OTHRIBAC-IB-BI5-BILD-10
A0000074,OTHRIBAC,International Baccalaureate Examination,IB,PH5,Phys Sc5,FA19,5040,8.0,P,LD,,1,PHYS,2A,,,,PH0810,S,2025-11-23,A0000074-OTHRIBAC-IB-PH5-PHYS-2A
A0000075,OTHRIBAC,International Baccalaureate Examination,IB,AR5,Art Sc5,FA18,4980,6.0,P,LD,,0,,,,,,0000,,2025-11-19,A0000075-OTHRIBAC-IB-AR5
A0000076,OTHRIBAC,International Baccalaureate Examination,IB,SP5,Span Sc5,SP18,4960,6.0,P,LD,,1,LISP,1A,,,,SP0610,S,2025-11-12,A0000076-OTHRIBAC-IB-SP5-LISP-1A
A0000076,OTHRIBAC,International Baccalaureate Examination,IB,EN5,Engl A1,SP21,5120,6.0,P,LD,,1,LTEN,21,,,,EN0610,S,2025-11-12,A0000076-OTHRIBAC-IB-EN5-LTEN-21
A0000077,OTHRIBAC,International Baccalaureate Examination,IB,MU5,Music Sc5,FA19,5040,6.0,P,LD,,0,,,,,,0000,,2025-11-28,A0000077-OTHRIBAC-IB-MU5
A0000077,OTHRIBAC,International Baccalaureate Examination,IB,BI5,Bio Sc5,SP21,5120,8.0,P,LD,,1,BILD,10,,,,BI0810,S,2025-11-28,A0000077-OTHRIBAC-IB-BI5-BILD-10
A0000077,OTHRIBAC,International Baccalaureate Examination,IB,AR5,Art Sc5,FA17,4940,6.0,P,LD,,0,,,,,,0000,,2025-11-28,A0000077-OTHRIBAC-IB-AR5
A0000077,OTHRIBAC,International Baccalaureate Examination,IB,EC5,Econ Sc5,SP21,5120,6.0,P,LD,,1,ECON,1,,,,EC0610,S,2025-11-28,A0000077-OTHRIBAC-IB-EC5-ECON-1
A0000077,OTHRIBAC,International Baccalaureate Examination,IB,MA5,Math Sc5,FA21,5140,8.0,P,LD,,1,MATH,20C,,,,MA0810,S,2025-11-28,A0000077-OTHRIBAC-IB-MA5-MATH-20C
A0000078,OTHRIBAC,International Baccalaureate Examination,IB,HS5,Hist Sc5,FA20,5080,6.0,P,LD,,1,HIST,4,,,,HS0610,S,2025-11-24,A0000078-OTHRIBAC-IB-HS5-HIST-4
A0000078,OTHRIBAC,International Baccalaureate Examination,IB,EC5,Econ Sc5,SP20,5060,6.0,P,LD,,1,ECON,1,,,,EC0610,S,2025-11-24,A0000078-OTHRIBAC-IB-EC5-ECON-1
A0000078,OTHRIBAC,International Baccalaureate Examination,IB,SP5,Span Sc5,FA21,5140,6.0,P,LD,,1,LISP,1A,,,,SP0610,S,2025-11-24,A0000078-OTHRIBAC-IB-SP5-LISP-1A
A0000078,OTHRIBAC,International Baccalaureate Examination,IB,EN5,Engl A1,FA18,4980,6.0,P,LD,,1,LTEN,21,,,,EN0610,S,2025-11-24,A0000078-OTHRIBAC-IB-EN5-LTEN-21
A0000079,OTHRIBAC,International Baccalaureate Examination,IB,SP5,Span Sc5,WI18,4950,6.0,P,LD,,1,LISP,1A,,,,SP0610,S,2025-12-12,A0000079-OTHRIBAC-IB-SP5-LISP-1A
A0000079,OTHRIBAC,International Baccalaureate Examination,IB,PS5,Psych Sc5,WI18,4950,6.0,P,LD,,1,PSYC,1,,,,PS0610,S,2025-12-12,A0000079-OTHRIBAC-IB-PS5-PSYC-1
A0000079,OTHRIBAC,International Baccalaureate Examination,IB,MU5,Music Sc5,WI18,4950,6.0,P,LD,,0,,,,,,0000,,2025-12-12,A0000079-OTHRIBAC-IB-MU5
A0000079,OTHRIBAC,International Baccalaureate Examination,IB,EN5,Engl A1,FA21,5140,6.0,P,LD,,1,LTEN,21,,,,EN0610,S,2025-12-12,A0000079-OTHRIBAC-IB-EN5-LTEN-21
A0000080,OTHRIBAC,International Baccalaureate Examination,IB,EC5,Econ Sc5,FA17,4940,6.0,P,LD,,1,ECON,1,,,,EC0610,S,2025-11-23,A0000080-OTHRIBAC-IB-EC5-ECON-1
A0000080,OTHRIBAC,International Baccalaureate Examination,IB,LG5,Lang Sc5,FA20,5080,6.0,P,LD,,0,,,,,,0000,,2025-11-23,A0000080-OTHRIBAC-IB-LG5
A0000081,OTHRIBAC,International Baccalaureate Examination,IB,SP5,Span Sc5,SP21,5120,6.0,P,LD,,1,LISP,1A,,,,SP0610,S,2025-12-12,A0000081-OTHRIBAC-IB-SP5-LISP-1A
A0000081,OTHRIBAC,International Baccalaureate Examination,IB,AR5,Art Sc5,FA19,5040,6.0,P,LD,,0,,,,,,0000,,2025-12-12,A0000081-OTHRIBAC-IB-AR5
A0000082,OTHRIBAC,International Baccalaureate Examination,IB,HS5,Hist Sc5,FA19,5040,6.0,P,LD,,1,HIST,4,,,,HS0610,S,2025-11-12,A0000082-OTHRIBAC-IB-HS5-HIST-4
A0000082,OTHRIBAC,International Baccalaureate Examination,IB,LG5,Lang Sc5,FA21,5140,6.0,P,LD,,0,,,,,,0000,,2025-11-12,A0000082-OTHRIBAC-IB-LG5
A0000084,OTHRIBAC,International Baccalaureate Examination,IB,AR5,Art Sc5,FA19,5040,6.0,P,LD,,0,,,,,,0000,,2025-12-07,A0000084-OTHRIBAC-IB-AR5
A0000084,OTHRIBAC,International Baccalaureate Examination,IB,BI5,Bio Sc5,FA18,4980,8.0,P,LD,,1,BILD,10,,,,BI0810,S,2025-12-07,A0000084-OTHRIBAC-IB-BI5-BILD-10
A0000084,OTHRIBAC,International Baccalaureate Examination,IB,CH5,Chem Sc5,FA18,4980,8.0,P,LD,,1,CHEM,6A,,,,CH0810,S,2025-12-07,A0000084-OTHRIBAC-IB-CH5-CHEM-6A
A0000085,OTHRIBAC,International Baccalaureate Examination,IB,EC5,Econ Sc5,FA18,4980,6.0,P,LD,,1,ECON,1,,,,EC0610,S,2025-12-28,A0000085-OTHRIBAC-IB-EC5-ECON-1
A0000085,OTHRIBAC,International Baccalaureate Examination,IB,PH5,Phys Sc5,FA20,5080,8.0,P,LD,,1,PHYS,2A,,,,PH0810,S,2025-12-28,A0000085-OTHRIBAC-IB-PH5-PHYS-2A
A0000085,OTHRIBAC,International Baccalaureate Examination,IB,PS5,Psych Sc5,FA19,5040,6.0,P,LD,,1,PSYC,1,,,,PS0610,S,2025-12-28,A0000085-OTHRIBAC-IB-PS5-PSYC-1
A0000086,OTHRIBAC,International Baccalaureate Examination,IB,CS5,Comp Sci5,WI18,4950,6.0,P,LD,,1,CSE,11,,,,CS0610,S,2025-12-09,A0000086-OTHRIBAC-IB-CS5-CSE-11
A0000087,OTHRIBAC,International Baccalaureate Examination,IB,EC5,Econ Sc5,FA21,5140,6.0,P,LD,,1,ECON,1,,,,EC0610,S,2025-11-30,A0000087-OTHRIBAC-IB-EC5-ECON-1
A0000088,OTHRIBAC,International Baccalaureate Examination,IB,SP5,Span Sc5,WI18,4950,6.0,P,LD,,1,LISP,1A,,,,SP0610,S,2025-12-23,A0000088-OTHRIBAC-IB-SP5-LISP-1A
A0000088,OTHRIBAC,International Baccalaureate Examination,IB,EC5,Econ Sc5,SP19,5020,6.0,P,LD,,1,ECON,1,,,,EC0610,S,2025-12-23,A0000088-OTHRIBAC-IB-EC5-ECON-1
A0000089,OTHRIBAC,International Baccalaureate Examination,IB,HS5,Hist Sc5,SP18,4960,6.0,P,LD,,1,HIST,4,,,,HS0610,S,2025-12-28,A0000089-OTHRIBAC-IB-HS5-HIST-4
A0000090,OTHRIBAC,International Baccalaureate Examination,IB,BI5,Bio Sc5,FA21,5140,8.0,P,LD,,1,BILD,10,,,,BI0810,S,2025-12-12,A0000090-OTHRIBAC-IB-BI5-BILD-10
A0000091,OTHRIBAC,International Baccalaureate Examination,IB,HS5,Hist Sc5,FA20,5080,6.0,P,LD,,1,HIST,4,,,,HS0610,S,2025-11-22,A0000091-OTHRIBAC-IB-HS5-HIST-4
A0000092,OTHRIBAC,International Baccalaureate Examination,IB,BI5,Bio Sc5,FA17,4940,8.0,P,LD,,1,BILD,10,,,,BI0810,S,2025-12-16,A0000092-OTHRIBAC-IB-BI5-BILD-10
A0000092,OTHRIBAC,International Baccalaureate Examination,IB,EC5,Econ Sc5,FA17,4940,6.0,P,LD,,1,ECON,1,,,,EC0610,S,2025-12-16,A0000092-OTHRIBAC-IB-EC5-ECON-1
A0000093,OTHRIBAC,International Baccalaureate Examination,IB,EN5,Engl A1,SP18,4960,6.0,P,LD,,1,LTEN,21,,,,EN0610,S,2025-12-12,A0000093-OTHRIBAC-IB-EN5-LTEN-21
A0000093,OTHRIBAC,International Baccalaureate Examination,IB,MA5,Math Sc5,FA19,5040,8.0,P,LD,,1,MATH,20C,,,,MA0810,S,2025-12-12,A0000093-OTHRIBAC-IB-MA5-MATH-20C
A0000093,OTHRIBAC,International Baccalaureate Examination,IB,MU5,Music Sc5,FA17,4940,6.0,P,LD,,0,,,,,,0000,,2025-12-12,A0000093-OTHRIBAC-IB-MU5
A0000093,OTHRIBAC,International Baccalaureate Examination,IB,EC5,Econ Sc5,SP20,5060,6.0,P,LD,,1,ECON,1,,,,EC0610,S,2025-12-12,A0000093-OTHRIBAC-IB-EC5-ECON-1
A0000093,OTHRIBAC,International Baccalaureate Examination,IB,PS5,Psych Sc5,SP18,4960,6.0,P,LD,,1,PSYC,1,,,,PS0610,S,2025-12-12,A0000093-OTHRIBAC-IB-PS5-PSYC-1
A0000095,OTHRIBAC,International Baccalaureate Examination,IB,AR5,Art Sc5,FA21,5140,6.0,P,LD,,0,,,,,,0000,,2026-01-05,A0000095-OTHRIBAC-IB-AR5
A0000095,OTHRIBAC,International Baccalaureate Examination,IB,PH5,Phys Sc5,FA17,4940,8.0,P,LD,,1,PHYS,2A,,,,PH0810,S,2026-01-05,A0000095-OTHRIBAC-IB-PH5-PHYS-2A
A0000096,OTHRIBAC,International Baccalaureate Examination,IB,CS5,Comp Sci5,FA19,5040,6.0,P,LD,,1,CSE,11,,,,CS0610,S,2026-01-11,A0000096-OTHRIBAC-IB-CS5-CSE-11
A0000096,OTHRIBAC,International Baccalaureate Examination,IB,EN5,Engl A1,FA20,5080,6.0,P,LD,,1,LTEN,21,,,,EN0610,S,2026-01-11,A0000096-OTHRIBAC-IB-EN5-LTEN-21
A0000096,OTHRIBAC,International Baccalaureate Examination,IB,AR5,Art Sc5,WI18,4950,6.0,P,LD,,0,,,,,,0000,,2026-01-11,A0000096-OTHRIBAC-IB-AR5
A0000096,OTHRIBAC,International Baccalaureate Examination,IB,LG5,Lang Sc5,SP19,5020,6.0,P,LD,,0,,,,,,0000,,2026-01-11,A0000096-OTHRIBAC-IB-LG5
A0000096,OTHRIBAC,International Baccalaureate Examination,IB,PS5,Psych Sc5,SP18,4960,6.0,P,LD,,1,PSYC,1,,,,PS0610,S,2026-01-11,A0000096-OTHRIBAC-IB-PS5-PSYC-1
A0000097,OTHRIBAC,International Baccalaureate Examination,IB,EC5,Econ Sc5,FA18,4980,6.0,P,LD,,1,ECON,1,,,,EC0610,S,2025-12-02,A0000097-OTHRIBAC-IB-EC5-ECON-1
A0000099,OTHRIBAC,International Baccalaureate Examination,IB,PH5,Phys Sc5,FA20,5080,8.0,P,LD,,1,PHYS,2A,,,,PH0810,S,2025-11-23,A0000099-OTHRIBAC-IB-PH5-PHYS-2A
A0000099,OTHRIBAC,International Baccalaureate Examination,IB,CH5,Chem Sc5,SP18,4960,8.0,P,LD,,1,CHEM,6A,,,,CH0810,S,2025-11-23,A0000099-OTHRIBAC-IB-CH5-CHEM-6A
A0000099,OTHRIBAC,International Baccalaureate Examination,IB,LG5,Lang Sc5,WI18,4950,6.0,P,LD,,0,,,,,,0000,,2025-11-23,A0000099-OTHRIBAC-IB-LG5
A0000099,OTHRIBAC,International Baccalaureate Examination,IB,EN5,Engl A1,FA17,4940,6.0,P,LD,,1,LTEN,21,,,,EN0610,S,2025-11-23,A0000099-OTHRIBAC-IB-EN5-LTEN-21
A0000099,OTHRIBAC,International Baccalaureate Examination,IB,PS5,Psych Sc5,SP21,5120,6.0,P,LD,,1,PSYC,1,,,,PS0610,S,2025-11-23,A0000099-OTHRIBAC-IB-PS5-PSYC-1
